deny,black,hisp,PIratio,HEIratio,LVmed,LVhi,creditscore,publicrecord,PMIdenied,selfemp,single,school1,uria,condo
0,0,0,.221,.221,1,0,2,0,0,0,0,1,3.9,0
0,0,0,.265,.265,1,0,2,0,0,0,1,1,3.2,0
0,0,0,.372,.248,1,0,2,0,0,0,0,1,3.2,0
0,0,0,.32,.25,1,0,2,0,0,0,0,1,4.3,0
0,0,0,.36,.35,0,0,1,0,0,0,0,1,3.2,0
0,0,0,.24,.17,0,0,1,0,0,0,0,1,3.9,0
0,0,0,.35,.29,0,0,2,0,0,0,1,1,3.9,1
0,0,1,.37,.25,1,0,2,0,0,0,0,1,5.3,0
0,0,0,.28,.22,1,0,2,0,0,0,0,1,1.8,0
1,0,0,.31,.24,1,0,2,0,1,0,0,1,3.1,0
0,0,0,.36,.28,1,0,2,0,0,0,1,1,3.2,0
1,1,0,.34,.18,1,0,2,0,1,0,0,1,3.2,0
0,0,1,.24,.23,1,0,2,0,0,0,0,1,3.2,0
0,0,0,.18,.17,0,0,1,0,0,0,1,1,3.9,0
0,0,0,.28,.27,0,0,2,0,0,0,1,1,3.1,1
0,0,0,.31,.3,0,0,2,0,0,0,1,1,4.3,0
1,0,0,.28,.27,0,0,2,0,1,0,0,1,4.3,0
0,0,0,.36,.34,0,0,1,0,0,0,0,1,10.6,0
0,0,0,.18,.15,0,0,1,0,0,0,0,1,3.2,0
0,0,0,.36,.27,1,0,1,0,0,0,0,1,3.2,0
0,0,0,.23,.22,0,0,1,0,0,0,0,1,3.2,0
0,0,0,.32,.27,0,0,1,0,0,0,0,1,3.2,0
0,0,0,.31,.29,0,0,2,0,0,0,0,1,4.3,0
0,0,0,.37,.28,1,0,2,0,0,0,1,1,3.1,0
1,1,0,.84,.53,1,0,2,0,1,0,0,1,3.2,0
1,0,0,.37,.22,1,0,1,1,1,0,0,1,3.1,0
0,0,0,.39,.31,1,0,2,0,0,0,0,1,5.3,0
0,0,0,.32,.32,0,0,2,0,0,0,1,1,10.6,0
0,0,0,.39,.33,1,0,2,0,0,0,0,1,3.2,0
0,0,0,.33,.31,0,0,2,0,0,0,1,1,3.9,0
0,0,0,.28,.13,0,0,2,0,0,0,1,1,3.2,1
0,0,1,.41,.22,0,0,1,0,0,0,0,1,1.8,0
0,0,0,.37,.28,1,0,2,0,0,0,1,1,1.8,1
0,0,0,.3,.25,0,0,2,0,0,0,1,1,3.2,0
0,0,0,.31,.29,1,0,2,0,0,0,0,1,3.9,0
0,1,0,.26,.21,1,0,2,0,0,0,1,1,1.8,0
0,0,0,.36,.29,1,0,2,0,0,0,1,1,4.3,0
0,0,0,.37,.2,0,0,1,0,0,0,0,1,4.3,0
0,0,0,.35,.26,0,0,2,0,0,0,1,1,3.6,0
0,0,0,.37,.26,1,0,2,0,0,0,1,1,2,0
0,0,0,.34,.28,1,0,2,0,0,0,0,1,4.3,0
0,0,0,.38,.28,0,0,2,0,0,0,0,1,3.9,1
0,0,0,.44,.31,0,0,1,0,0,0,0,1,3.1,0
0,0,0,.21,.07,0,0,1,0,0,0,0,1,3.2,0
0,1,0,.35,.22,1,0,1,0,0,0,0,1,4.3,0
0,0,0,.38,.28,1,0,2,0,0,0,0,1,3.1,0
0,0,0,.37,.34,1,0,2,0,0,0,1,1,3.1,0
0,1,0,.32,.28,1,0,2,0,0,0,0,1,3.2,0
0,0,0,.37,.28,1,0,2,0,0,0,0,1,3.9,0
0,0,0,.41,.1,0,0,1,0,0,0,0,1,2,1
1,0,0,.35,.34,0,1,2,0,1,0,0,1,3.2,0
1,0,0,.41,.3,0,0,4,0,0,0,0,1,3.2,0
1,0,1,.56,.55,0,0,2,0,0,0,0,1,2,0
0,0,0,.34,.28,0,0,2,1,0,0,1,1,3.1,0
0,0,0,.29,.19,1,0,2,0,0,0,0,1,3.2,0
0,1,0,.33,.26,1,0,2,0,0,0,0,1,10.6,0
1,0,0,.27,.26,1,0,2,1,0,0,0,1,3.2,0
0,1,0,.37,.27,1,0,2,0,0,0,1,1,3.2,0
1,0,0,.34,.3,0,0,2,0,0,1,0,1,3.9,0
1,0,1,.3,.23,1,0,3,0,0,0,0,0,5.3,0
1,0,1,.62,.5,1,0,1,0,0,0,0,1,4.3,0
0,0,0,.36,.2,1,0,2,0,0,0,1,1,1.8,0
1,0,1,.39,.25,1,0,2,0,0,0,1,1,3.9,0
0,0,1,.39,.24,1,0,2,0,0,0,1,1,3.2,0
0,0,0,.36,.15,0,0,1,0,0,0,1,1,3.1,0
0,0,0,.34,.32,0,0,3,0,0,0,1,1,3.2,0
0,0,0,.27,.21,1,0,2,0,0,0,0,1,2,0
0,0,0,.16,.08,0,0,1,0,0,0,1,1,3.2,0
0,0,0,.29,.21,0,0,2,0,0,0,0,1,3.1,0
0,1,0,.3,.24,1,0,2,0,0,0,1,1,1.8,0
0,0,0,.39,.28,1,0,2,0,0,0,1,1,3.1,0
1,0,0,.48,.26,1,0,2,1,0,0,1,1,3.9,0
0,0,0,.36,.26,0,0,2,0,0,0,0,1,3.2,0
0,0,0,.314,.265,1,0,2,1,0,0,0,1,3.2,0
0,0,0,.34,.28,1,0,2,1,0,0,0,1,3.9,0
0,0,0,.332,.281,1,0,2,0,0,0,1,1,10.6,0
0,0,0,.33,.33,0,0,1,0,0,1,1,1,4.3,0
0,0,0,.399,.272,0,0,2,0,0,0,1,1,10.6,1
0,0,0,.342,.322,0,0,2,0,0,0,0,1,3.2,0
0,0,0,.376,.278,1,0,1,0,0,0,1,1,3.2,1
0,0,0,.321,.251,1,0,2,0,0,0,0,1,4.3,1
0,0,0,.279,.208,0,0,2,0,0,0,0,1,5.3,0
0,0,0,.317,.246,1,0,2,0,0,0,0,1,3.2,0
0,1,0,.285,.26,0,0,2,0,0,1,0,1,3.9,0
0,0,0,.365,.24,1,0,2,0,0,0,0,1,3.1,0
0,0,0,.337,.314,0,0,1,0,0,0,0,1,3.2,0
0,0,0,.35,.27,0,0,1,0,0,0,1,1,3.2,1
0,0,0,.352,.289,1,0,2,0,0,0,1,1,3.2,1
0,0,0,.35,.28,1,0,1,0,0,0,0,1,3.2,0
0,0,0,.344,.251,1,0,2,0,0,0,0,1,3.1,0
0,0,1,.171,.09,0,0,1,0,0,1,0,1,3.2,1
0,0,0,.28,.28,0,0,2,0,0,0,1,1,3.2,0
1,0,0,.7,.619,1,0,2,0,0,0,1,1,3.9,0
0,0,0,.378,.225,1,0,2,0,0,0,0,1,4.3,0
0,0,0,.258,.194,0,0,2,0,0,0,0,1,5.3,0
0,0,0,.218,.082,1,0,1,0,0,1,0,1,10.6,0
0,0,0,.23,.17,0,0,1,0,0,0,0,1,3.1,0
0,0,0,.285,.285,0,0,2,0,0,0,0,1,3.2,0
1,0,0,.265,.265,1,0,2,1,1,0,0,1,4.3,0
0,0,0,.36,.24,0,0,4,0,0,0,1,1,5.3,1
0,0,0,.272,.27,0,0,1,0,0,0,0,1,2,0
0,0,0,.36,.22,1,0,1,0,0,1,1,1,3.2,1
1,1,0,.31,.31,1,0,2,0,0,0,0,1,3.2,0
1,0,0,.359,.289,1,0,2,0,0,0,1,1,4.3,0
0,0,0,.397,.244,0,0,1,0,0,0,0,1,3.2,0
0,0,0,.34,.26,0,0,1,0,0,1,0,1,10.6,0
1,1,0,.219,.213,0,0,2,0,0,0,0,1,4.3,0
0,0,0,.32,.32,1,0,2,0,0,0,1,1,4.3,0
0,0,0,.32,.24,1,0,2,0,0,0,0,1,4.3,0
0,0,0,.28,.28,0,0,2,0,0,0,1,1,2,0
1,1,0,.388,.32,1,0,2,0,0,0,0,1,2,0
0,0,0,.25,.18,0,0,2,0,0,0,1,1,3.2,1
0,0,0,.34,.25,1,0,1,0,0,0,0,1,10.6,0
0,0,0,.32,.22,0,0,2,0,0,0,1,1,3.2,0
1,0,1,.33,.186,1,0,2,1,0,0,1,1,10.6,0
0,0,0,.312,.256,0,0,2,0,0,1,0,1,1.8,0
0,0,0,.33,.31,0,0,2,0,0,0,1,1,4.3,1
0,0,0,.32,.31,0,0,2,0,0,0,0,1,3.2,0
0,0,0,.38,.3,1,0,1,0,0,0,0,1,10.6,0
0,0,0,.32,.2,0,0,2,0,0,0,0,1,2,0
0,0,0,.23,.22,1,0,2,0,0,0,0,1,4.3,0
0,0,0,.27,.27,0,0,2,0,0,0,0,1,4.3,0
0,0,0,.314,.314,0,0,1,0,0,0,1,1,1.8,0
0,0,0,.35,.23,1,0,2,0,0,0,1,1,3.9,0
0,0,0,.32,.27,0,0,2,0,0,1,1,1,3.2,0
0,0,0,.358,.102,1,0,1,0,0,0,0,1,3.9,0
1,0,0,.35,.33,1,0,2,0,1,0,1,1,3.9,0
0,0,0,.34,.24,1,0,2,0,0,0,0,1,3.1,0
0,0,0,.31,.22,1,0,2,0,0,1,1,1,10.6,0
0,0,0,.29,.21,0,0,3,0,0,0,0,1,3.1,0
1,0,0,.61,.39,0,0,2,0,0,0,0,1,10.6,0
0,0,0,.263,.226,0,0,1,0,0,0,0,1,3.2,0
0,0,0,.262,.258,0,0,2,0,0,0,1,1,4.3,0
0,0,0,.36,.289,0,0,2,0,0,0,0,1,3.2,0
1,0,0,.46,.31,0,1,1,0,0,1,1,1,4.3,0
0,0,0,.305,.218,0,0,2,0,0,0,0,1,3.2,0
0,0,0,.384,.28,0,0,2,0,0,0,1,1,3.9,0
0,0,0,.264,.215,0,0,2,0,0,1,0,1,10.6,0
0,0,0,.33,.309,0,0,1,0,0,0,0,1,3.2,0
1,1,0,.47,.31,1,0,2,0,0,1,1,1,3.2,0
0,0,0,.19,.18,0,0,2,0,0,0,0,1,1.8,0
0,0,0,.3,.3,1,0,2,0,0,0,1,1,4.3,0
0,0,0,.36,.26,0,0,1,0,0,0,0,1,3.9,0
0,0,0,.36,.33,0,0,1,0,0,0,1,1,3.9,0
0,0,0,.33,.26,0,0,2,0,0,0,1,1,3.9,0
0,0,0,.23,.23,0,0,2,0,0,0,1,1,3.1,1
0,0,1,.29,.25,1,0,2,0,0,0,1,1,3.2,0
0,0,0,.41,.34,1,0,1,0,0,0,0,1,3.2,0
0,0,0,.36,.3,0,1,2,0,0,0,0,1,1.8,0
1,0,0,.41,.33,0,0,2,0,0,0,0,1,1.8,0
0,0,0,.33,.33,0,0,2,0,0,0,0,1,5.3,0
1,0,0,.29,.29,0,0,2,1,0,0,1,1,1.8,1
0,0,0,.41,.28,0,0,1,0,0,0,0,1,3.1,0
0,0,0,.33,.28,1,0,2,0,0,0,0,1,3.6,0
0,0,0,.23,.19,1,0,1,0,0,0,0,1,3.2,0
1,0,0,.23,.23,0,0,1,1,0,0,0,1,1.8,0
0,0,0,.39,.34,0,0,1,0,0,1,0,1,3.2,0
0,0,0,.39,.15,0,0,1,0,0,1,0,1,3.2,0
0,0,0,.27,.24,1,0,1,0,0,0,0,1,3.2,0
0,0,0,.384,.142,1,0,1,0,0,1,1,1,4.3,1
0,1,0,.382,.277,1,0,2,0,0,0,1,1,3.9,1
0,0,0,.37,.261,0,0,2,0,0,0,0,1,3.2,0
0,0,0,.325,.323,0,0,2,0,0,0,1,1,3.2,1
0,0,0,.398,.358,0,0,1,0,0,0,1,1,3.2,0
0,0,0,.395,.306,1,0,2,0,0,0,1,1,3.2,1
0,0,0,.407,.337,0,0,2,0,0,0,1,1,3.2,1
0,0,0,.301,.199,0,0,2,0,0,0,1,1,1.8,1
0,0,0,.365,.318,1,0,2,0,0,0,1,1,3.2,0
0,0,0,.266,.257,0,0,2,0,0,0,1,1,3.2,1
0,0,0,.319,.259,1,0,2,0,0,0,1,1,1.8,0
0,0,0,.268,.242,1,0,2,0,0,0,0,1,3.2,1
0,0,0,.269,.226,0,0,2,0,0,0,0,1,3.9,1
0,1,0,.409,.315,1,0,2,0,0,0,1,1,3.2,0
0,0,0,.308,.28,0,0,2,0,0,0,0,1,3.2,0
0,0,0,.311,.311,0,0,2,0,0,0,1,1,3.2,1
0,0,0,.277,.271,0,0,1,0,0,1,1,1,3.9,0
0,1,0,.36,.3,1,0,2,0,0,0,0,1,1.8,1
0,0,1,.38,.31,1,0,2,0,0,0,0,1,3.2,1
0,0,1,.21,.21,0,0,2,0,0,0,1,0,3.1,1
0,0,0,.39,.31,1,0,2,0,0,0,0,1,3.2,0
0,1,0,.37,.34,1,0,2,0,1,0,1,1,3.2,0
0,0,1,.25,.24,0,0,2,0,0,0,0,1,3.1,1
1,1,0,.29,.29,1,0,2,0,1,0,1,1,3.1,0
0,1,0,.36,.24,1,0,2,0,0,0,0,0,3.2,0
0,0,1,.39,.32,1,0,2,0,0,0,0,1,3.6,1
0,0,0,.32,.32,0,0,2,0,0,0,0,1,3.2,0
0,0,0,.18,.16,0,0,2,0,0,0,0,1,5.3,0
0,0,0,.34,.27,0,0,2,0,0,0,0,1,1.8,0
0,1,0,.328,.328,1,0,2,0,0,0,1,1,3.1,1
0,1,0,.3733,.2977,1,0,2,0,0,0,1,1,4.3,0
1,1,0,.3838,.2894,0,1,2,0,0,0,1,1,3.2,1
0,1,0,.3767,.2858,1,0,2,0,0,0,1,1,3.2,0
0,1,0,.338,.253,1,0,2,0,0,0,0,1,3.2,1
0,0,0,.281,.271,0,0,2,0,0,0,0,1,3.2,0
0,0,0,.3339,.2584,0,0,2,0,0,0,0,1,3.1,0
1,1,0,.3923,.3338,1,0,2,1,0,0,1,1,4.3,1
0,0,0,.363,.209,0,0,1,0,0,0,0,1,3.2,0
0,0,0,.2458,.2308,0,0,1,0,0,0,0,1,2,0
0,0,0,.3821,.3309,0,0,2,0,0,0,0,1,3.2,0
0,0,0,.37,.26,0,0,2,0,0,0,0,1,3.6,0
0,0,0,.32,.28,0,0,1,0,0,0,0,1,2,0
0,1,0,.286,.255,0,0,2,0,0,0,0,1,2,1
0,0,0,.266,.21,0,0,1,0,0,0,1,1,1.8,0
0,1,0,.315,.287,1,0,1,0,0,0,0,1,3.2,0
0,1,0,.3047,.239,0,0,2,0,0,0,1,1,3.6,0
0,0,0,.338,.292,1,0,2,0,0,0,1,1,3.2,0
0,1,0,.472,.466,1,0,2,0,0,0,1,1,3.2,0
0,0,0,.366,.273,0,0,2,0,0,0,1,1,3.2,1
0,1,0,.371,.245,0,0,2,0,0,1,0,1,3.2,1
0,0,0,.381,.319,0,0,2,0,0,0,0,1,3.6,0
0,1,0,.365,.356,1,0,2,0,0,0,0,1,3.2,0
0,1,0,.35,.31,1,0,2,0,0,0,1,1,3.9,1
0,1,0,.34,.29,0,1,2,0,0,0,0,1,5.3,0
0,1,0,.35,.27,0,0,2,0,0,0,1,1,3.2,0
0,0,0,.2652,.2125,1,0,2,0,0,0,0,1,3.6,0
0,0,0,.35,.26,1,0,2,0,0,0,1,1,3.2,0
1,1,0,.39,.26,1,0,2,0,0,0,1,1,3.2,1
1,0,0,.39,.24,0,0,2,0,0,1,1,1,4.3,0
0,0,0,.3,.17,0,0,1,0,0,0,0,1,3.1,0
0,0,0,.29,.29,0,0,1,0,0,0,0,1,1.8,0
0,0,1,.19,.12,0,0,2,0,0,0,1,1,5.3,0
0,0,0,.35,.34,1,0,2,0,0,0,0,1,3.6,1
0,0,0,.39,.27,1,0,1,0,0,0,1,1,2,0
0,1,0,.35,.27,1,0,2,0,0,0,0,1,3.2,0
0,1,0,.36,.28,1,0,2,0,0,0,1,1,3.9,0
0,0,0,.26,.26,0,0,1,0,0,0,1,1,1.8,1
0,0,0,.36,.23,0,0,1,0,0,0,1,1,3.2,1
0,0,0,.27,.22,0,0,2,0,0,0,0,1,3.9,0
0,0,0,.357,.2,1,0,2,0,0,0,1,1,3.1,1
0,1,0,.3,.197,1,0,2,0,0,0,0,1,3.1,1
0,1,0,.35,.27,1,0,2,0,0,0,0,1,3.2,0
0,1,0,.39,.29,1,0,2,0,0,0,0,1,2,1
0,0,0,.31,.3,1,0,2,0,0,0,0,1,1.8,0
1,0,0,.43,.21,0,0,1,0,0,1,0,1,3.2,1
1,1,0,.4,.26,0,0,2,1,1,0,0,1,3.2,0
0,1,0,.34,.23,1,0,2,0,0,0,1,1,3.1,0
1,0,0,.406,.406,1,0,2,0,0,1,0,1,3.6,0
1,0,0,.23,.13,0,0,2,0,0,0,0,1,3.6,0
1,0,0,.73,.37,0,0,1,0,0,1,1,1,3.2,0
0,1,0,.38,.35,0,0,2,0,0,0,1,1,2,1
0,1,0,.383,.3609,0,0,2,0,0,0,1,1,3.1,1
0,0,0,.32,.221,1,0,2,0,0,0,0,0,10.6,1
0,0,0,.293,.25,1,0,2,0,0,0,0,1,3.9,0
0,0,0,.2403,.235,0,0,2,0,0,0,1,1,1.8,1
0,0,0,.194,.115,0,0,2,0,0,0,1,1,3.2,1
0,1,0,.294,.259,0,0,2,0,0,0,1,1,1.8,1
0,1,0,.382,.269,0,0,2,0,0,0,1,1,3.2,1
0,1,0,.3798,.2796,0,0,2,0,0,1,1,1,3.2,1
0,1,0,.3359,.2194,1,0,2,0,0,0,0,1,3.2,0
0,1,0,.3903,.2772,0,0,2,0,0,0,1,1,3.9,1
0,1,0,.3928,.3038,1,0,2,0,0,0,1,1,3.9,1
0,1,0,.354,.189,0,1,2,0,0,0,1,1,3.2,0
0,0,1,.2,.03,0,0,2,0,0,0,1,0,3.6,0
0,0,0,.28,.28,1,0,2,0,0,0,0,1,3.6,0
0,0,1,.33,.32,0,0,2,0,0,0,1,1,3.2,0
0,0,0,.31,.26,1,0,2,0,0,0,0,1,3.6,0
0,0,0,.3841,.2091,1,0,2,0,0,1,1,1,3.6,1
0,1,0,.334,.286,1,0,2,0,0,0,1,1,3.9,0
0,1,0,.29,.26,1,0,2,0,0,0,1,1,3.9,1
0,1,0,.3678,.1617,1,0,1,0,0,0,1,1,3.1,0
0,0,1,.3009,.2806,0,1,2,0,0,0,0,1,5.3,0
0,0,0,.3309,.3005,0,0,2,0,0,0,1,1,1.8,1
0,1,0,.3369,.3214,1,0,2,0,0,0,1,1,2,0
1,0,1,.3143,.2243,1,0,2,0,0,0,1,1,4.3,0
0,0,0,.3423,.314,1,0,2,0,0,0,0,0,10.6,0
1,1,0,.3027,.2577,0,1,2,0,0,0,1,1,3.9,0
0,0,1,.3199,.3119,1,0,2,0,0,0,0,1,3.2,0
1,0,1,.358,.358,0,0,2,0,0,0,0,1,10.6,1
0,0,0,.3191,.2652,0,0,2,0,0,0,0,1,3.1,1
0,0,0,.2463,.211,0,0,2,0,0,0,0,1,4.3,1
0,0,0,.286,.2527,0,0,2,0,0,1,0,1,10.6,0
0,0,0,.27,.27,0,0,2,0,0,0,1,1,3.2,0
0,0,0,.282,.2512,1,0,2,0,0,1,1,1,4.3,0
0,1,0,.36,.36,0,0,2,0,0,0,1,1,3.2,0
0,0,0,.3244,.2918,0,0,1,0,0,1,1,1,1.8,1
0,0,0,.348,.1889,0,0,2,0,0,1,0,1,3.9,0
0,0,0,.296,.296,0,0,2,0,0,0,1,1,1.8,1
0,0,0,.2963,.1891,1,0,2,0,0,0,0,1,3.1,0
0,0,1,.314,.314,0,0,2,0,0,0,1,1,3.1,0
0,0,0,.3198,.2627,0,0,1,0,0,0,0,0,3.2,0
0,0,0,.4001,.2788,0,0,2,0,0,1,1,1,3.2,0
0,0,0,.2763,.2544,0,0,2,0,0,0,0,1,2,0
0,0,0,.3524,.2899,0,0,2,0,0,0,1,1,3.9,0
0,0,0,.3167,.2915,0,0,1,0,0,0,0,1,3.1,0
0,0,0,.1238,.1218,0,0,2,0,0,0,0,1,1.8,0
0,0,0,.34,.27,0,1,2,0,0,0,1,1,3.1,1
0,0,0,.14,.12,0,0,1,0,0,1,0,1,10.6,0
0,0,0,.2116,.1818,0,0,2,0,0,1,0,1,10.6,0
0,0,0,.1607,.1369,1,0,1,0,0,0,0,1,2,0
0,0,0,.278,.27,0,0,4,0,0,1,0,1,10.6,0
0,0,0,.2826,.2752,0,0,1,0,0,0,0,1,1.8,0
0,0,0,.289,.2846,0,0,1,0,0,0,0,1,3.2,0
0,0,0,.2847,.2415,1,0,1,0,0,1,0,1,3.9,0
0,0,0,.3,.25,0,0,1,0,0,0,0,1,10.6,0
0,0,0,.36,.28,0,0,2,0,0,0,0,1,3.1,0
0,0,0,.32,.27,0,0,1,0,0,0,0,1,3.9,0
1,0,0,.32,.32,0,0,1,0,0,0,0,1,3.2,0
0,0,0,.26,.2,0,0,1,0,0,0,0,1,3.2,0
0,0,0,.26,.21,0,0,1,0,0,0,0,1,3.6,0
1,0,0,.32,.26,0,0,1,0,0,1,1,1,1.8,1
0,1,0,.42,.33,1,0,3,1,0,0,1,1,3.2,0
0,0,0,.34,.33,0,0,2,0,0,0,1,1,1.8,1
0,0,0,.37,.34,1,0,2,0,0,0,0,1,3.1,0
0,0,0,.29,.28,0,0,2,0,0,0,1,1,2,0
0,0,0,.35,.31,0,0,2,0,0,0,1,1,1.8,0
0,0,0,.31,.31,1,0,2,0,0,0,1,1,3.2,0
0,0,0,.4,.27,1,0,2,0,0,0,1,1,4.3,1
0,0,0,.36,.3,1,0,2,0,0,0,1,1,3.2,1
0,0,0,.38,.27,0,0,1,0,0,0,0,1,3.9,0
0,0,0,.37,.26,0,0,1,0,0,0,0,1,2,0
0,0,0,.41,.23,0,0,1,0,0,0,1,1,1.8,0
0,0,0,.32,.31,0,0,2,0,0,0,1,1,3.2,1
0,0,0,.33,.26,1,0,2,0,0,0,0,1,4.3,0
0,0,0,.33,.26,1,0,2,0,0,0,0,1,10.6,0
0,1,0,.38,.29,1,0,1,0,0,0,0,1,3.1,0
0,0,0,.29,.21,0,0,2,0,0,0,1,1,3.2,0
0,0,0,.3,.26,1,0,2,0,0,0,1,1,1.8,0
0,0,0,.37,.11,0,0,1,0,0,1,1,1,3.2,0
0,0,0,.36,.2,1,0,2,1,0,0,1,1,5.3,0
0,0,0,.37,.3,0,0,2,0,0,0,0,1,3.6,0
0,0,0,.3,.3,0,0,1,0,0,0,1,1,5.3,0
0,0,0,.34,.34,1,0,2,0,0,0,0,1,3.6,0
0,0,0,.42,.26,0,0,2,0,0,1,0,1,3.2,0
0,0,0,.08,0,1,0,2,0,0,0,1,1,3.2,0
0,0,0,.2,.08,0,0,1,0,0,0,0,1,3.2,1
0,0,0,.3,.29,0,0,1,0,0,0,0,1,3.1,0
0,0,0,.31,.31,0,0,2,1,0,0,0,1,4.3,0
0,0,0,.38,.27,1,0,1,0,0,0,0,1,3.2,0
0,0,0,.34,.31,1,0,2,0,0,0,1,1,5.3,0
0,0,1,.32,.24,1,0,2,0,0,0,0,0,3.2,0
0,0,0,.29,.26,0,0,1,0,0,1,0,1,4.3,0
0,0,0,.32,.29,1,0,2,0,0,0,0,1,3.1,0
0,0,1,.38,.24,1,0,2,0,0,0,0,1,3.2,0
0,0,0,.36,.3,1,0,2,0,0,0,0,1,3.2,0
0,0,0,.41,.3,0,0,1,0,0,0,0,1,3.2,0
0,0,0,.32,.28,0,0,2,0,0,0,1,1,1.8,1
0,1,0,.38,.31,1,0,2,0,0,0,0,1,10.6,0
0,0,0,.2,.04,0,0,1,0,0,0,1,1,3.6,1
1,0,0,.41,.25,1,0,1,1,0,0,0,1,3.1,0
0,0,0,.3,0,1,0,1,0,0,0,0,1,3.1,0
0,0,0,.31,.25,0,0,2,0,0,0,0,1,3.2,0
0,0,0,.28,.22,1,0,2,0,0,0,1,1,3.1,0
0,0,0,.25,.25,0,0,2,0,0,0,0,1,3.1,0
0,0,0,.29,.28,0,0,2,0,0,0,0,1,3.2,0
1,0,0,.49,.37,1,0,1,0,0,0,1,1,3.2,0
0,0,0,.33,.24,1,0,2,0,0,0,0,1,3.1,0
0,0,0,.45,.21,1,0,1,0,0,0,0,1,3.1,0
1,0,0,.41,.35,1,0,2,0,1,0,1,1,4.3,0
0,0,0,.35,.28,1,0,2,0,0,0,0,1,3.1,0
0,0,0,.35,.3,0,0,3,0,0,0,0,1,3.9,0
0,0,0,.08,.07,0,0,2,0,0,1,0,1,3.9,0
0,0,0,.25,.25,0,0,2,0,0,0,1,1,4.3,0
0,0,0,.48,.15,0,0,2,0,0,0,0,1,4.3,0
0,0,0,.36,.01,0,1,2,0,0,1,0,1,1.8,1
0,0,0,.32,.31,1,0,2,0,0,0,0,1,10.6,0
0,0,0,.27,.2,1,0,2,0,0,0,0,1,10.6,0
0,0,0,.34,.27,0,0,1,0,0,0,0,1,3.2,0
0,0,0,.1987,.1987,0,1,1,0,0,0,0,1,3.6,0
0,0,0,.33,.3,0,0,2,1,0,0,1,1,3.2,0
0,0,0,.28,.33,0,0,2,1,0,0,0,1,3.2,0
0,0,0,.34,.26,1,0,1,0,0,0,0,1,3.2,0
0,0,0,.37,.36,0,0,2,0,0,0,1,1,3.2,0
0,0,0,.3,.26,0,0,2,0,0,0,1,1,3.2,0
0,0,0,.36,.33,0,0,2,0,0,0,0,1,1.8,0
0,0,0,.3551,.1998,0,0,4,0,0,1,0,1,3.6,0
0,0,0,.25,.19,0,0,2,0,0,1,1,1,3.2,0
0,0,0,.14,.13,0,0,1,0,0,0,0,1,1.8,0
0,0,0,.44,.2,0,0,1,0,0,1,0,1,10.6,1
0,0,0,.45,.3,0,1,2,0,0,0,0,1,3.2,0
0,0,0,.37,.26,1,0,2,0,0,1,0,1,10.6,0
0,0,0,.34,.3,0,0,1,0,0,0,0,1,4.3,0
0,0,0,.2704,.1675,0,0,3,0,0,0,0,1,3.1,1
0,0,0,.23,.23,0,0,2,0,0,0,0,1,5.3,0
0,0,0,.34,.29,1,0,2,0,0,0,1,1,3.2,0
0,0,0,.33,.26,0,0,2,0,0,0,1,1,5.3,0
0,0,0,.375,.2697,0,0,2,0,0,0,1,1,3.2,0
0,0,0,.3357,.3246,0,0,1,0,0,0,0,1,2,0
0,0,0,.2779,.00085,0,0,2,0,0,0,0,1,3.2,0
0,0,0,.41,.12,0,0,1,0,0,0,0,1,3.6,0
0,0,0,.3629,.3015,0,0,1,0,0,0,0,1,3.2,0
0,0,0,.3088,.2256,0,0,2,0,0,0,0,1,3.1,0
0,0,0,.366,.282,0,0,2,0,0,0,0,1,4.3,0
0,0,0,.3149,.2579,1,0,2,0,0,0,1,1,4.3,0
0,0,0,.2752,.2033,1,0,1,0,0,0,0,1,3.6,1
0,0,0,.35,.2,0,0,1,0,0,0,0,1,5.3,0
0,0,0,.3327,.2677,0,0,2,0,0,0,1,1,3.6,0
0,0,0,.32,.26,0,0,3,0,0,0,0,1,10.6,0
1,0,0,.2642,.2585,0,0,1,0,1,0,0,1,3.2,1
1,0,0,.3397,.1782,0,0,1,0,0,0,0,1,10.6,0
1,0,0,.3397,.1782,0,0,1,0,0,0,0,1,10.6,0
0,0,0,.3606,.2802,0,0,2,0,0,0,0,1,3.6,0
0,0,0,.3768,.202,1,0,1,0,0,1,0,1,1.8,0
0,1,0,.301,.278,1,0,2,0,0,0,0,1,3.2,0
0,0,0,.54,.54,0,0,2,0,0,0,1,1,3.2,0
0,0,0,.351,.337,0,0,2,0,0,0,0,1,3.1,0
0,0,0,.389,.271,1,0,2,0,0,0,1,1,3.1,1
1,0,0,.43,.32,0,0,3,0,0,1,0,1,3.2,0
1,0,0,.43,.43,0,0,2,1,0,1,0,1,3.9,0
0,0,0,.15,.05,0,0,1,0,0,0,0,1,10.6,0
0,0,0,.34,.28,1,0,2,0,0,0,1,1,4.3,0
0,0,0,.31,.21,0,0,1,0,0,0,1,1,1.8,1
0,0,0,.37,.28,1,0,2,0,0,0,0,1,3.2,0
0,0,0,.31,.27,1,0,2,0,0,0,0,1,5.3,0
0,0,0,.3,.2,1,0,2,0,0,0,0,1,3.2,1
0,0,0,.16,.16,0,0,1,0,0,0,0,1,10.6,0
0,0,0,.36,.23,1,0,2,0,0,0,0,1,3.1,0
0,0,0,.36,.28,0,0,2,0,0,0,0,1,2,0
0,0,1,.3,.3,0,0,2,0,0,0,0,1,3.9,0
0,0,0,.4,.3,0,0,2,0,0,0,0,1,3.9,0
0,0,0,.37,.3,1,0,2,0,0,0,1,1,3.2,1
1,1,0,.39,.1,0,1,2,0,0,0,0,1,3.2,0
0,0,0,.28,.22,0,0,1,0,0,1,0,1,3.2,0
0,0,1,.23,.22,1,0,2,0,0,0,0,1,3.9,0
0,0,0,.43,.35,0,0,2,1,0,0,0,1,3.2,0
0,0,0,.36,.27,1,0,1,1,0,0,0,1,3.2,0
0,0,0,.36,.28,1,0,2,0,0,0,1,1,4.3,0
0,0,0,.24,.24,0,0,2,0,0,1,0,1,4.3,0
0,0,0,.47,.47,0,0,1,0,0,1,0,1,4.3,0
0,1,0,.08,.08,0,0,2,0,0,0,1,1,3.2,1
0,0,0,.24,.23,0,0,1,0,0,0,0,1,5.3,0
0,0,0,.22,.21,0,0,2,0,0,0,0,1,3.2,0
0,0,0,.14,.12,0,0,1,0,0,0,0,1,3.2,0
0,0,0,.21,.16,0,0,1,0,0,0,0,1,3.1,0
0,0,0,0,.29,0,0,1,0,0,0,0,1,3.1,0
1,0,0,.2102,.207,0,0,2,0,0,0,1,1,3.1,1
1,0,1,.371,.2524,1,0,1,0,1,0,0,1,2,0
0,0,0,.3945,.3323,0,0,1,0,0,0,0,1,3.9,1
0,0,1,.0566,.0566,0,0,2,0,0,0,0,1,3.1,1
1,0,1,.35,.25,1,0,2,0,1,0,0,1,8.9,0
0,0,0,.3,.26,0,0,2,0,0,0,1,1,3.2,0
0,0,0,.36,.29,1,0,2,0,0,0,0,1,3.2,0
0,0,0,.28,.27,0,0,1,0,0,0,0,1,4.3,0
0,0,0,.26,.24,0,0,2,0,0,0,0,1,3.9,0
0,0,0,.28,.21,0,0,2,0,0,0,1,1,3.9,0
0,0,0,.3044,.198,0,0,1,0,0,1,0,0,3.2,0
0,0,0,.3136,.2876,0,0,1,0,0,0,0,1,4.3,0
0,0,0,.3023,.2634,0,0,2,0,0,0,0,1,3.1,0
0,0,0,.1995,.1762,0,0,1,0,0,0,0,1,3.2,1
0,0,0,.2745,.1722,0,0,2,0,0,0,0,1,3.2,0
1,0,0,.318,.312,1,0,2,0,0,0,1,1,2,0
0,0,0,.45,.238,0,0,1,0,0,0,0,1,1.8,0
0,0,0,.3569,.1809,0,0,1,0,0,0,0,1,3.1,0
0,0,0,.254,.243,0,0,1,0,0,0,1,1,4.3,0
0,0,0,.2406,.2285,0,0,2,0,0,0,1,1,3.6,1
0,0,0,.28,.27,0,0,1,0,0,0,0,1,1.8,0
1,0,0,.4168,.326,0,1,1,0,0,1,1,1,3.2,0
1,0,0,.3886,.3886,0,0,3,0,0,0,1,1,10.6,0
1,0,0,.3408,.2254,0,0,2,0,0,0,0,1,3.2,0
1,1,0,.49,.43,1,0,2,0,0,0,0,1,3.9,0
0,0,0,.27,.21,1,0,2,0,0,0,1,1,2,1
1,0,0,.35,.27,1,0,2,0,0,0,0,1,3.9,0
1,0,1,.56,.47,1,0,2,1,0,1,0,1,3.2,0
0,0,1,.33,.25,0,0,1,0,0,0,1,1,2,0
0,0,1,.41,.28,0,0,2,0,0,0,1,0,3.2,1
0,0,0,.35,.29,0,0,2,0,0,0,0,1,2,1
0,0,0,.32,.23,1,0,2,0,0,0,1,1,3.1,1
1,0,0,.32,.28,1,0,2,0,0,0,1,1,3.2,1
0,0,0,.37,.3,1,0,2,0,0,0,1,1,3.9,1
0,1,0,.35,.26,1,0,2,1,0,0,1,1,3.2,1
0,1,0,.44,.32,1,0,2,1,0,0,1,1,3.2,1
0,1,0,.4,.29,1,0,2,1,0,0,0,1,1.8,1
0,0,0,.32,.31,0,0,2,0,0,0,0,1,3.2,0
0,0,1,.39,.31,1,0,2,1,0,0,0,1,3.9,1
0,1,0,.29,.27,0,0,2,0,0,0,1,1,1.8,1
0,1,0,.41,.27,0,1,2,1,0,0,1,1,3.2,1
0,0,1,.35,.25,0,0,2,0,0,0,1,1,3.2,1
0,1,0,.25,.22,1,0,2,0,0,0,0,1,10.6,1
0,0,0,.4,.23,1,0,1,0,0,0,1,1,3.2,1
0,0,1,.32,.32,1,0,2,0,0,0,1,1,3.2,1
0,1,0,.43,.26,1,0,2,1,0,1,0,1,1.8,1
0,1,0,.41,.26,1,0,2,1,0,0,0,1,2,1
1,0,0,.36,.31,1,0,2,0,1,0,0,1,3.2,0
0,0,0,.49,.28,1,0,2,0,0,0,0,1,3.2,1
0,0,1,.41,.26,1,0,2,0,0,0,0,1,5.3,1
0,0,0,.23,.2,0,0,2,0,0,0,1,1,10.6,0
0,0,1,.28,.27,1,0,2,0,0,0,1,1,3.2,1
0,0,0,.41,.28,0,0,2,0,0,0,1,1,1.8,1
0,0,0,.26,.26,0,0,4,0,0,1,0,1,3.2,0
1,0,0,.367,.23,1,0,2,1,0,0,1,1,1.8,1
0,0,0,.39,.39,0,0,2,0,0,0,1,1,3.2,1
0,0,0,.37,.3,0,0,2,0,0,0,1,1,3.6,1
0,0,0,.33,.28,0,0,2,0,0,0,1,1,3.9,1
0,0,0,.28,.26,0,0,2,0,0,0,0,1,3.2,0
0,0,0,.36,.31,0,0,2,0,0,0,1,1,4.3,1
0,0,0,.35,.32,0,0,1,0,0,0,0,1,10.6,0
0,0,0,.32,.25,0,0,2,0,0,0,0,1,4.3,0
0,0,0,.38,.23,0,0,2,0,0,0,0,1,3.2,1
0,0,0,.35,.29,1,0,2,0,0,0,0,1,4.3,0
0,0,0,.36,.27,0,0,1,0,0,0,0,1,3.2,0
0,0,0,.25,.25,0,0,2,0,0,0,0,1,3.1,0
0,1,0,.47,.34,1,0,2,0,0,0,1,1,4.3,1
1,0,0,.18,.13,0,0,2,0,0,0,0,1,2,0
0,0,0,.29,.28,0,0,2,0,0,0,1,1,3.2,1
0,0,0,.25,.24,0,0,2,0,0,0,0,1,3.9,0
0,0,0,.26,.2,0,0,2,0,0,0,0,1,5.3,0
0,0,0,.29,.23,0,0,2,0,0,0,0,1,3.2,0
0,0,0,.29,.22,0,0,2,0,0,1,1,1,10.6,0
0,0,0,.27,.27,0,0,2,0,0,0,1,1,3.2,0
0,0,0,.29,.24,0,0,1,0,0,0,1,1,10.6,0
1,1,0,.21,.21,0,0,2,1,0,0,0,1,10.6,0
0,0,0,.95,.44,0,0,3,0,0,1,0,1,10.6,0
0,0,0,.25,.2,1,0,2,0,0,0,0,1,4.3,0
0,0,0,.22,.22,0,0,2,0,0,0,0,0,4.3,0
0,0,0,.37,.29,0,0,1,0,0,0,0,1,3.2,0
0,0,0,.4,.27,1,0,2,0,0,0,0,1,4.3,0
0,0,0,.47,0,0,0,2,0,0,1,0,1,1.8,0
0,0,0,.29,.28,0,0,2,0,0,0,1,1,4.3,0
1,0,0,.36,.24,0,1,2,0,0,0,1,1,3.2,0
0,0,0,.32,.21,0,0,2,0,0,0,1,1,4.3,0
0,0,0,.38,.24,0,0,2,0,0,1,0,1,3.2,0
0,0,0,.47,.41,0,0,1,0,0,0,0,1,3.2,0
1,0,0,.37,.37,0,0,1,0,0,1,0,1,4.3,0
0,0,0,.4,.28,0,0,2,0,0,0,0,1,3.1,0
0,0,0,.24,.1,0,0,2,0,0,0,1,1,1.8,1
0,0,0,.37,.27,0,0,1,0,0,1,0,1,3.1,0
0,0,0,.35,.18,1,0,2,0,0,0,1,1,10.6,0
0,0,0,.41,.07,0,0,1,0,0,0,0,1,3.6,1
0,0,0,.41,.33,0,0,2,0,0,0,0,1,3.1,0
0,1,0,.32,.32,0,0,2,0,0,0,1,1,4.3,0
0,0,0,.34,.31,1,0,2,0,0,0,0,1,3.2,0
0,0,0,.28,.28,1,0,2,0,0,0,1,1,3.1,0
0,0,0,.39,.3,1,0,2,0,0,0,1,1,10.6,0
0,0,0,.239,.218,0,0,2,0,0,0,0,1,3.2,0
1,1,0,.537,.14,1,0,3,0,0,0,1,1,2,0
0,0,0,.331,.262,0,0,2,0,0,1,0,1,8.9,0
0,0,0,.355,.331,0,0,1,0,0,0,1,1,3.1,0
0,0,0,.4089,.2729,1,0,2,0,0,0,0,1,3.9,0
0,0,0,.1439,.1247,0,0,1,0,0,1,1,1,10.6,0
0,0,0,.165,.054,0,0,1,0,0,0,1,1,3.1,1
0,0,0,.307,.231,0,0,2,0,0,0,0,1,3.2,0
0,0,0,.235,.226,0,0,1,0,0,0,0,1,3.2,0
0,0,0,.313,.288,0,0,2,0,0,0,0,1,3.2,0
0,0,0,.266,.183,0,0,2,0,0,0,1,1,5.3,0
0,0,0,.231,.231,0,0,2,0,0,1,0,1,3.1,0
0,0,0,.304,.203,0,0,2,0,0,0,0,1,1.8,0
0,0,0,.347,.289,0,0,1,0,0,0,0,1,1.8,0
0,0,0,.351,.346,0,0,2,0,0,1,1,1,3.6,0
0,0,0,.321,.244,1,0,2,1,0,0,0,1,3.9,0
0,0,0,.381,.228,0,0,1,0,0,0,0,1,4.3,0
0,1,0,.347,.167,0,0,2,0,0,0,1,1,3.2,0
1,0,0,.472,.304,1,0,2,0,0,0,1,1,2,1
1,1,0,.425,.345,0,1,4,0,0,0,1,1,1.8,0
0,0,0,.319,.315,0,0,1,0,0,0,0,1,3.1,0
0,0,0,.0699,.0699,0,0,2,0,0,1,1,1,3.2,0
0,0,0,.341,.341,1,0,2,0,0,0,0,1,3.9,0
0,0,0,.349,.287,0,0,2,0,0,0,0,1,4.3,0
0,0,0,.338,.27,1,0,2,0,0,0,0,1,3.2,0
0,0,1,.25,.25,0,0,2,0,0,0,1,1,3.2,1
0,1,0,.396,.273,0,0,2,0,0,0,0,1,3.2,0
0,0,0,.39,.279,1,0,1,0,0,1,1,1,3.2,0
0,0,0,.275,.238,0,0,2,0,0,0,1,1,3.6,1
0,0,0,.3105,.2382,1,0,2,0,0,0,1,1,3.2,1
0,0,0,.468,.362,0,0,2,0,0,0,1,1,4.3,1
0,1,0,.3886,.2613,0,0,1,0,0,1,0,1,3.2,0
0,0,0,.242,.177,0,0,1,0,0,0,0,1,3.6,1
0,0,0,.692,.536,0,0,1,0,0,1,0,1,3.2,0
1,1,0,.576,.329,1,0,2,0,0,0,0,1,3.2,1
0,0,0,.3541,.1947,0,0,2,0,0,0,0,0,10.6,1
1,1,0,.479,.475,0,1,2,0,0,0,1,1,2,1
0,0,1,.328,.296,1,0,2,0,0,0,0,1,3.2,0
0,0,0,.329,.261,0,0,1,0,0,0,0,1,1.8,0
0,0,0,.356,.311,0,0,1,0,0,0,0,1,1.8,0
1,1,0,.363,.169,1,0,2,0,1,0,1,1,4.3,0
0,1,0,.254,.24,1,0,2,0,0,0,0,1,4.3,0
0,1,0,.264,.175,0,0,1,0,0,0,0,1,1.8,1
0,0,0,.173,.097,0,0,1,0,0,0,1,1,4.3,1
0,0,0,.365,.274,1,0,2,0,0,0,0,1,3.2,0
1,1,0,.282,.216,0,1,2,0,0,0,0,1,3.2,0
0,0,0,.405,.276,0,0,1,0,0,0,1,1,3.1,0
0,0,0,.252,.088,0,0,1,0,0,0,0,1,3.2,1
0,1,0,.248,.238,0,0,2,0,0,0,1,1,3.2,1
0,0,0,.391,.37,0,0,2,0,0,0,1,1,4.3,1
0,0,0,.283,.283,0,0,2,0,0,0,1,1,3.9,1
0,0,0,.304,.277,0,0,2,0,0,0,1,1,1.8,0
0,1,0,.056,.053,1,0,4,0,0,0,0,1,3.2,0
0,0,0,.384,.375,1,0,2,0,0,0,1,1,1.8,1
1,0,0,.584,.447,0,0,2,0,0,0,1,1,3.2,0
0,0,0,.263,.261,0,0,2,0,0,0,1,1,4.3,1
0,0,1,.201,.175,1,0,1,0,0,0,0,1,3.2,0
0,0,0,.2527,.2506,0,0,2,0,0,0,1,1,3.6,1
1,1,0,.442,.321,1,0,2,0,0,0,0,1,3.6,0
0,0,0,.316,.284,1,0,2,0,0,0,0,1,1.8,0
1,1,0,.52,.318,0,0,2,0,0,0,1,1,3.6,0
0,0,0,.358,.316,1,0,2,0,0,0,1,1,3.2,1
0,0,0,.369,.299,0,0,2,0,0,0,0,1,3.9,0
0,0,0,.222,.207,0,0,2,0,0,0,1,1,1.8,1
0,0,0,.253,.168,0,0,1,0,0,0,1,1,3.2,1
0,0,0,.184,.166,0,0,2,0,0,0,0,1,3.2,1
1,1,0,.252,.239,1,0,2,0,0,0,1,1,3.2,0
0,1,0,.203,.184,1,0,2,0,0,0,1,1,3.9,0
0,0,0,.4,.33,1,0,2,0,0,0,1,1,3.2,1
0,0,0,.34,.24,0,0,1,0,0,0,1,1,3.2,0
0,0,0,.34,.22,0,0,2,0,0,0,0,1,3.1,0
1,0,0,.3037,.0904,1,0,2,1,0,0,1,1,3.2,0
0,0,0,.41,.19,0,0,2,0,0,1,0,1,10.6,1
1,0,0,.18,.18,0,1,2,1,0,0,1,1,10.6,1
0,0,0,.41,.23,0,0,2,0,0,0,0,1,3.2,0
0,0,0,.4,.27,0,0,2,0,0,1,0,1,4.3,0
0,0,0,.31,.31,0,0,2,0,0,0,1,1,3.2,0
0,0,0,.53,.34,0,0,2,0,0,0,0,1,3.9,0
0,0,1,.345,.2485,0,0,2,0,0,0,0,0,3.2,0
0,0,0,.3258,.2658,0,0,2,0,0,0,1,1,3.1,0
0,0,0,.3924,.2479,0,0,1,0,0,0,1,1,2,1
0,0,0,.2251,.1934,0,0,2,0,0,0,0,1,3.2,0
0,0,0,.3817,.2385,0,0,1,1,0,0,0,1,4.3,0
0,1,0,.3375,.2275,1,0,2,0,0,0,1,1,3.9,0
0,0,0,.16,.16,1,0,1,0,0,0,1,1,3.2,0
1,1,0,.3,.3,0,1,2,0,0,0,1,1,4.3,0
0,0,0,.1,.08,0,0,1,0,0,1,1,1,1.8,0
0,0,0,.2,.12,1,0,1,0,0,0,0,1,3.2,1
0,0,0,.08,.06,0,0,1,0,0,0,1,1,3.2,1
0,0,0,.1,.06,0,0,1,0,0,1,1,1,3.6,0
0,1,0,.17,.07,0,1,1,0,0,0,0,1,2,0
1,0,1,.46,.37,1,0,2,0,0,0,0,1,3.2,0
0,0,0,.38,.3,0,0,2,0,0,0,0,1,5.3,0
0,0,0,.29,.21,0,0,2,0,0,0,1,1,5.3,0
0,1,0,.33,.2,0,0,2,0,0,0,0,1,1.8,0
0,0,0,.37,.33,1,0,2,0,0,0,1,1,3.2,1
0,0,0,.36,.32,0,0,2,0,0,0,1,1,1.8,1
0,0,0,.25,.17,1,0,2,0,0,0,0,1,3.2,1
0,1,0,.37,.28,0,0,2,0,0,0,0,1,1.8,0
0,0,1,.37,.26,1,0,2,0,0,0,0,0,3.2,0
1,0,0,.36,.32,1,0,2,1,0,0,0,1,2,0
0,0,0,.39,.36,1,0,2,0,0,0,0,1,3.1,0
0,0,1,.28,.26,0,0,2,0,0,0,0,1,3.2,0
0,0,1,.36,.31,1,0,2,0,0,0,1,0,3.2,0
0,0,0,.38,.31,0,0,2,0,0,0,1,1,3.2,1
0,0,0,.4,.34,1,0,2,0,0,1,1,1,3.2,1
1,0,0,.2,.14,0,1,2,0,0,0,1,1,3.2,0
0,0,0,.12,.06,1,0,1,0,0,1,1,1,1.8,0
0,0,0,.36,.25,1,0,1,0,0,0,1,1,3.2,0
0,0,0,.38,.34,1,0,2,0,0,1,0,1,5.3,1
0,0,0,.17,.03,1,0,1,0,0,1,0,1,3.2,0
0,0,0,.33,.31,0,0,2,0,0,0,1,1,3.2,0
0,0,0,.37,.26,0,0,1,0,0,0,0,1,2,0
0,1,0,.22,.13,0,0,1,1,0,1,0,1,3.2,1
0,0,0,.3,.24,0,0,1,1,0,0,0,1,3.2,0
0,0,0,.36,.35,1,0,2,0,0,0,1,1,3.2,1
0,0,0,.41,.28,1,0,2,0,0,0,0,1,3.2,0
0,1,0,.35,.27,1,0,2,0,0,0,0,1,3.1,0
0,0,0,.35,.3,0,0,2,0,0,0,1,1,3.1,1
0,0,0,.32,.32,1,0,2,0,0,0,1,1,3.2,0
1,1,0,.41,.28,1,0,2,1,1,0,0,1,3.2,0
0,0,1,.32,.3,1,0,2,0,0,0,0,0,4.3,0
0,0,0,.32,.28,1,0,2,0,0,0,0,1,3.2,0
1,1,0,.3,.29,1,0,2,0,0,1,0,1,3.2,0
0,0,0,.4,.18,1,0,1,0,0,0,0,1,1.8,0
1,1,0,.33,.27,1,0,2,0,0,0,1,1,3.1,0
0,0,0,.28,.25,1,0,2,0,0,0,0,1,1.8,0
0,0,1,.34,.29,1,0,2,0,0,0,0,0,3.2,0
0,0,0,.35,.35,0,0,1,0,0,0,0,1,10.6,0
0,0,0,.19,.15,0,0,1,0,0,1,1,1,1.8,0
1,1,0,.4,.35,0,0,2,0,0,0,0,1,3.2,1
1,1,0,.3,.18,1,0,2,1,0,1,0,1,1.8,1
0,0,0,.35,.23,1,0,2,0,0,0,1,1,1.8,1
0,0,0,.2,.19,0,0,1,0,0,0,0,1,3.2,0
0,0,0,.29,.28,0,0,4,0,0,0,0,1,3.2,0
0,0,0,.36,.27,1,0,2,0,0,0,0,1,3.2,0
0,0,0,.34,.2,0,0,2,0,0,0,1,1,3.2,0
0,0,0,.26,.04,0,0,2,0,0,0,0,1,2,0
0,0,0,.34,.3,1,0,2,0,0,0,0,1,1.8,0
0,0,0,.28,.21,0,0,1,0,0,0,0,1,3.2,0
0,0,1,.37,.25,1,0,2,0,0,0,0,1,5.3,0
0,0,0,.43,.24,0,0,1,0,0,0,0,1,4.3,0
0,0,0,.27,.2,0,0,1,0,0,1,0,1,3.2,1
0,0,0,.36,.25,0,0,1,0,0,0,0,0,3.9,0
0,0,0,.28,.22,0,0,2,0,0,0,1,1,3.2,0
0,0,0,.27,.25,1,0,2,0,0,0,0,1,3.2,0
0,0,0,.36,.3,0,0,1,0,0,0,1,1,3.2,0
0,0,0,.35,.35,0,0,3,0,0,0,0,1,3.6,0
0,0,0,.33,.31,1,0,2,0,0,0,1,1,3.2,0
0,0,0,.32,.24,0,0,1,0,0,0,0,1,3.1,0
0,0,0,.23,.04,0,0,1,0,0,0,0,1,3.2,0
0,0,0,.37,.28,0,0,2,0,0,0,0,1,2,0
1,0,0,.24,.17,1,0,3,0,0,0,0,1,3.2,0
0,0,0,.3312,.1725,0,0,2,0,0,0,0,1,10.6,0
1,0,0,.3513,.2569,0,0,2,0,0,0,1,1,3.2,0
0,0,0,.457,.282,0,0,1,0,0,0,0,1,3.2,0
0,0,0,.3524,.2933,1,0,2,0,0,0,0,1,3.1,0
1,0,0,.4169,.2109,1,0,2,0,1,0,1,1,10.6,0
0,0,0,.2191,.2095,0,0,2,0,0,0,0,1,3.9,0
1,0,0,.2052,.159,0,0,2,0,1,1,1,1,1.8,0
0,0,0,.4611,.3715,0,0,2,0,0,0,1,0,5.3,1
0,0,0,.3466,.3158,0,0,2,0,0,0,0,1,2,0
0,0,0,.3167,.2089,0,0,1,0,0,0,0,1,3.1,0
0,0,0,.3728,.2649,1,0,2,0,0,0,0,1,10.6,0
0,0,0,.661,.661,0,0,2,0,0,0,1,1,2,0
0,0,0,.3562,.2643,1,0,2,0,0,0,0,1,4.3,0
0,1,0,.3745,.263,1,0,2,0,0,0,0,1,3.1,0
1,0,0,.314,.2285,0,0,2,0,1,0,0,1,10.6,0
1,0,0,.3839,.2556,1,0,2,0,1,0,1,1,1.8,0
0,0,0,.3614,.2343,0,0,2,0,0,0,0,1,4.3,0
0,0,1,.2922,.2625,0,0,1,0,0,1,0,1,3.9,0
0,0,0,.2664,.2418,0,0,2,0,0,1,1,1,3.2,0
0,0,0,.3221,.2755,0,0,2,0,0,0,0,1,5.3,0
0,1,0,.2311,.2072,1,0,2,0,0,0,0,1,3.9,0
0,0,0,.3645,.3288,0,0,2,0,0,0,1,1,3.9,0
0,0,0,.4266,.2967,1,0,1,0,0,0,0,1,3.1,0
0,0,0,.2898,.282,0,0,2,0,0,1,0,0,10.6,0
0,1,0,.8142,.3933,0,0,2,1,0,0,1,1,3.2,0
0,1,0,.3714,.3189,1,0,2,0,0,1,1,1,1.8,0
0,0,0,.2964,.2345,1,0,2,0,1,0,0,1,2,0
0,1,0,.3535,.252,1,0,2,0,0,0,0,1,2,0
0,1,0,.3475,.2209,0,0,2,0,0,0,0,1,3.1,0
0,1,0,.4997,.3553,1,0,2,0,0,0,1,1,3.9,0
0,0,0,.3743,.282,0,0,1,0,0,0,0,1,3.1,0
0,1,0,.4677,.368,1,0,1,0,0,0,0,1,4.3,0
1,0,0,.1043,.0964,0,0,2,0,0,1,1,1,10.6,0
0,0,0,.6046,.561,0,1,2,0,0,1,0,1,3.2,0
0,0,0,.3228,.3228,1,0,2,0,0,0,0,1,3.6,0
0,0,0,.2932,.2805,1,0,2,0,0,0,1,1,3.2,0
0,0,0,.3356,.3208,1,0,2,0,0,0,0,1,1.8,0
1,1,0,.4167,.2651,0,0,1,0,0,0,0,1,3.2,0
0,0,0,.2575,.2145,0,0,2,0,0,0,0,1,3.2,0
0,0,0,.3577,.1412,0,0,1,0,0,0,0,1,3.2,0
1,0,0,.4668,.4632,0,0,2,0,0,0,0,1,3.6,0
0,1,0,.216,.124,0,0,1,0,0,0,0,1,3.1,0
0,0,0,.277,.205,0,0,1,0,0,1,0,1,1.8,0
0,1,0,.36,.227,0,0,2,0,0,0,0,1,4.3,0
0,0,0,.27,.27,0,0,1,0,0,0,0,1,3.6,1
0,0,0,.32,.29,0,0,1,0,0,0,0,1,5.3,0
0,0,0,.25,.145,0,0,1,0,0,0,1,1,1.8,1
1,0,0,.505,.207,0,0,2,0,0,0,0,1,1.8,0
0,1,0,.32,.13,0,0,2,0,0,0,0,1,3.9,0
1,1,0,.355,.345,0,0,2,1,0,1,1,1,3.2,1
0,0,1,.41,.26,1,0,2,0,0,0,0,1,3.2,1
0,0,0,.31,.29,1,0,2,0,0,0,1,1,1.8,0
1,0,1,.51,.32,0,1,2,0,0,0,0,1,3.2,1
0,0,0,.3,.11,0,0,1,0,0,0,1,1,4.3,0
0,0,0,.19,.15,0,0,1,0,0,0,1,1,3.2,0
1,0,0,.67,.21,0,1,1,1,0,0,1,1,5.3,0
0,0,0,.3,.21,0,0,2,0,0,0,1,1,3.2,0
0,1,0,.18,.15,1,0,1,0,0,0,0,1,3.9,0
0,0,0,.08,.08,0,0,1,0,0,0,0,1,3.6,0
0,0,0,.36,.35,0,0,1,0,0,0,0,1,3.6,0
0,0,0,.16,.14,0,0,1,0,0,0,1,1,3.9,0
0,0,0,.14,.09,1,0,2,0,0,0,0,1,3.1,0
0,0,0,.34,.27,0,0,2,0,0,0,0,1,3.9,0
0,0,0,.34,.27,0,0,1,0,0,0,0,1,3.9,0
0,1,0,.32,.12,1,0,1,0,0,0,0,1,3.9,0
0,0,0,.19,.08,0,0,1,0,0,0,0,1,10.6,0
0,0,0,.32,.11,0,0,1,0,0,0,0,1,3.2,0
0,0,0,.73,.71,0,0,1,0,0,0,1,1,3.9,0
0,1,0,.58,.52,1,0,1,0,0,0,0,1,3.9,0
0,0,0,.3,.3,0,0,2,0,0,0,1,1,3.9,0
0,0,0,.14,.09,1,0,2,0,0,0,0,1,3.6,0
0,0,0,.26,.16,0,0,1,0,0,1,0,1,3.6,0
0,0,0,.43,.33,0,0,1,0,0,0,0,1,3.9,0
0,1,0,.45,.21,1,0,1,0,0,0,0,1,3.9,0
0,0,0,.47,.18,0,1,1,0,0,0,0,1,10.6,0
0,1,0,.25,.13,1,0,1,0,0,0,0,1,3.9,0
0,0,0,.3,.3,0,0,1,0,0,0,0,1,3.9,0
0,0,0,.27,.25,0,0,2,0,0,0,0,1,3.6,0
0,0,0,.36,.2,0,0,1,0,0,0,0,1,3.9,0
0,0,0,.249,.155,0,0,4,0,0,0,0,1,1.8,0
0,0,0,.216,.133,0,0,1,0,0,0,0,1,3.1,0
1,0,0,1.16,.74,0,0,2,0,0,0,0,1,4.3,0
0,0,0,.36,.22,0,0,1,0,0,1,0,1,3.2,0
0,0,0,.278,.162,0,0,2,0,0,0,0,1,1.8,0
1,0,1,.44,.34,1,0,2,1,0,0,0,1,3.2,0
0,0,0,.32,.23,0,0,2,0,0,0,0,1,4.3,0
0,0,0,.3,.29,0,0,1,0,0,1,0,1,10.6,0
0,0,0,.288,.206,0,0,2,0,0,0,0,1,3.2,0
1,0,0,.49,.39,0,0,2,0,0,0,1,1,3.6,0
0,0,0,.483,.341,0,0,1,0,0,1,0,1,4.3,0
0,0,0,.312,.227,0,0,2,0,0,0,0,1,10.6,0
0,0,0,.297,.222,0,0,1,0,0,0,1,1,3.2,0
0,0,0,.113,.113,0,0,2,0,0,0,0,1,10.6,0
0,0,0,.41,.233,0,0,2,0,0,0,0,1,3.2,0
0,0,0,.344,.344,0,0,2,0,0,0,1,1,3.2,0
0,0,0,.362,.262,0,0,2,0,0,0,0,1,3.1,0
0,0,0,.332,.038,0,0,1,0,0,0,0,1,4.3,0
0,0,0,.285,.285,0,0,2,0,0,0,0,1,4.3,0
0,0,0,.323,.264,0,0,1,0,0,0,0,1,3.2,0
0,0,0,.404,.179,0,0,1,0,0,1,0,1,3.2,0
0,1,0,.316,.215,1,0,2,0,0,0,0,1,3.1,0
0,0,1,.348,.262,1,0,1,0,0,0,0,1,3.1,0
0,0,0,.288,.288,0,0,2,0,0,0,1,1,3.2,0
0,0,0,.358,.316,0,0,2,0,0,0,0,1,3.2,0
0,0,0,.29,.29,0,0,1,0,0,0,0,1,3.9,0
0,0,0,.35,.31,1,0,2,0,0,0,0,1,3.9,0
0,0,0,.34,.23,0,0,1,1,0,0,0,1,3.9,0
0,0,0,.36,.3,0,0,2,0,0,0,0,1,3.1,0
1,0,0,.27,.22,0,0,2,1,0,0,0,1,10.6,0
0,0,0,.34,.24,0,0,2,0,0,0,0,1,3.1,0
1,1,0,.45,.29,1,0,2,1,0,0,0,1,2,0
0,0,0,.32,.22,1,0,4,0,0,0,0,1,1.8,0
0,0,0,.33,.31,0,0,2,0,0,0,1,1,3.1,0
1,0,0,.49,.21,1,0,2,1,0,0,0,1,3.2,0
0,0,0,.46,.3,1,0,2,1,0,0,0,1,3.2,1
0,0,0,.35,.35,1,0,2,0,0,0,1,1,1.8,1
0,0,0,.35,.31,0,0,2,0,0,0,1,1,3.2,0
0,0,0,.22,.22,0,0,2,0,0,0,1,1,10.6,0
0,0,0,.39,.28,0,0,2,0,0,1,0,1,4.3,1
0,0,0,.46,.31,0,0,2,0,0,0,0,1,3.9,0
0,0,0,.38,.26,0,0,2,0,0,0,0,1,1.8,0
0,0,0,.27,.27,1,0,2,0,0,0,0,1,3.9,0
0,0,0,.38,.31,0,0,1,0,0,0,0,1,1.8,0
0,0,0,.22,.21,0,0,1,0,0,0,0,1,2,0
0,0,0,.38,.29,1,0,2,0,0,0,1,1,3.2,1
0,0,0,.37,.28,0,0,2,0,0,0,0,1,3.1,0
0,0,0,.37,.32,1,0,2,0,0,0,0,1,3.9,0
0,0,0,.28,.28,0,0,1,0,0,0,0,1,1.8,0
0,0,0,.25,.21,0,0,2,0,0,0,1,1,3.1,0
0,0,0,.26,.23,0,0,1,0,0,0,0,1,3.2,0
0,0,0,.27,.22,1,0,2,0,0,0,0,1,4.3,0
0,0,0,.38,.31,0,0,1,0,0,0,1,1,3.2,1
0,0,0,.35,.32,0,0,2,0,0,0,0,1,2,0
0,0,0,.25,.23,0,0,1,0,0,0,0,1,3.2,0
0,0,0,.38,.32,0,0,1,0,0,0,0,1,3.9,0
0,0,0,.37,.22,1,0,1,0,0,0,0,1,1.8,0
0,0,0,.27,.26,0,0,1,0,0,0,1,1,3.9,0
0,0,0,.24,.22,0,0,2,0,0,0,0,1,3.2,0
0,0,0,.36,.27,0,0,4,0,0,0,0,1,10.6,0
0,0,0,.23,.23,0,0,1,0,0,0,1,1,1.8,0
0,0,0,.33,.31,0,0,2,0,0,0,0,1,10.6,0
0,0,0,.28,.28,0,0,1,0,0,1,0,1,3.2,0
0,0,0,.33,.18,0,0,1,0,0,0,1,1,3.1,0
1,0,0,.37,.29,0,1,2,0,1,1,1,1,4.3,0
0,0,0,.32,.24,1,0,2,0,0,0,0,1,3.2,0
0,0,0,.27,.27,0,0,2,0,0,0,1,1,3.9,0
0,0,0,.28,.28,0,1,2,0,0,0,0,1,4.3,0
0,0,0,.39,.3,0,1,2,0,0,0,0,1,3.1,0
0,0,0,.38,.31,1,0,2,0,0,0,0,1,3.2,0
0,0,0,.38,.34,1,0,1,0,0,0,0,1,10.6,0
1,0,0,.38,.31,1,0,2,0,1,0,1,1,3.2,1
1,1,0,.3,.25,1,0,2,0,0,0,0,1,2,0
0,1,0,.39,.25,1,0,2,0,0,0,0,1,2,0
0,0,0,.34,.22,0,0,2,0,0,0,0,1,3.1,0
0,0,0,.19,.17,0,0,2,0,0,1,0,1,3.2,0
0,0,0,.34,.26,0,0,3,1,0,0,0,1,3.1,0
0,0,0,.33,.32,0,0,2,0,0,0,1,1,3.2,0
0,0,0,.31,.19,0,0,2,0,0,1,0,1,4.3,1
0,1,0,.29,.28,1,0,2,0,0,0,0,1,3.9,1
0,0,0,.2,.2,0,0,2,0,0,0,0,1,3.2,0
0,0,0,.45,.34,0,0,2,0,0,0,0,1,3.2,0
0,0,0,.32,.27,0,0,2,0,0,0,0,1,3.2,1
0,0,0,.2,.09,0,0,1,0,0,1,0,1,3.2,1
0,0,0,.27,.19,0,0,1,0,0,1,0,1,3.2,0
0,0,0,.13,.11,0,0,2,0,0,0,1,1,1.8,0
0,0,0,.15,.07,1,0,1,0,0,1,0,1,1.8,1
0,0,0,.1,.02,1,0,1,0,0,1,0,1,3.2,0
0,0,0,.38,.24,0,0,2,0,0,0,0,1,10.6,0
0,0,0,.22,.13,0,0,1,0,0,0,0,1,3.9,1
0,0,0,.22,.21,0,0,1,0,0,1,0,1,4.3,0
0,0,0,.13,.12,1,0,2,0,0,1,0,1,3.2,1
0,0,0,.07,.04,0,0,1,0,0,0,1,1,3.9,1
1,0,0,.36,.3,0,0,1,0,0,0,1,1,3.1,0
1,0,0,.36,.3,0,0,1,0,0,0,1,1,3.1,0
0,0,0,.2465,.2447,0,0,1,0,0,0,0,1,3.2,0
0,0,0,.219,.169,0,0,1,0,0,0,0,1,3.9,0
1,0,0,.313,.214,1,0,2,0,1,0,0,1,3.9,0
0,0,0,.377,.289,0,0,1,0,0,1,0,1,10.6,0
0,0,0,.121,.074,0,0,1,0,0,1,1,1,1.8,1
0,0,0,.319,.28,0,0,1,0,0,0,0,1,3.2,1
0,0,0,.357,.279,0,0,2,0,0,0,0,1,4.3,0
0,0,0,.378,.214,0,0,1,0,0,1,1,1,3.2,1
0,0,0,.293,.203,1,0,2,0,0,0,0,1,4.3,0
0,0,0,.381,.297,0,0,2,0,0,0,0,1,4.3,1
0,0,0,.228,.178,0,0,2,0,0,0,0,0,3.1,0
0,0,0,.233,.2,0,0,1,0,0,0,1,1,3.2,1
0,0,0,.287,.271,0,0,1,0,0,0,1,1,2,0
0,0,0,.245,.213,0,0,3,0,0,1,0,1,3.2,0
0,0,0,.295,.214,1,0,2,0,0,0,0,1,10.6,0
0,0,0,.393,.188,0,0,2,0,0,0,0,1,3.2,0
0,0,0,.33,.29,0,0,2,0,0,0,0,1,3.1,0
0,0,0,.298,.259,0,0,2,0,0,0,0,1,3.2,0
0,0,0,.403,.344,0,0,1,0,0,0,0,1,3.2,0
0,0,0,.386,.301,1,0,2,0,0,0,0,1,3.2,0
1,1,0,.382,.223,1,0,2,0,0,0,1,1,3.2,0
1,1,0,.378,.248,1,0,2,0,0,0,1,1,1.8,0
0,0,0,.352,.267,0,0,1,0,0,0,0,1,3.2,1
0,0,0,.306,.206,0,0,2,0,0,0,1,1,3.2,0
0,0,0,.4001,.3113,0,0,2,0,0,0,0,1,2,0
0,0,0,.27,.232,1,0,2,0,0,0,0,1,3.1,0
0,0,0,.385,.23,1,0,2,0,0,0,1,1,3.2,1
1,0,0,.322,.269,1,0,2,0,1,0,0,1,2,0
0,0,0,.212,.177,1,0,2,0,0,0,0,1,3.2,0
0,0,0,.175,.11,0,0,1,0,0,0,0,1,3.1,1
0,0,0,.2996,.2764,0,0,2,0,0,0,1,1,4.3,1
0,0,1,.2918,.2093,1,0,1,0,0,0,0,1,3.1,0
0,0,0,.258,.252,0,0,1,0,0,0,0,1,3.9,0
0,0,1,.146,.139,1,0,2,0,0,0,0,1,5.3,1
0,0,0,.266,.261,0,0,1,0,0,0,0,1,2,0
1,0,0,.388,.274,1,0,2,0,0,0,0,1,3.9,0
0,0,0,.243,.155,0,0,1,0,0,0,1,1,3.2,1
0,0,0,.155,.133,1,0,1,0,0,0,0,1,3.2,1
0,0,0,.388,.281,1,0,2,0,0,0,0,1,3.9,0
0,0,0,.3,.125,1,0,1,0,0,0,0,1,5.3,0
0,0,0,.399,.312,0,0,3,0,0,0,0,1,3.9,0
0,0,0,.2474,.2278,0,0,2,0,0,0,1,1,3.9,0
0,1,0,.395,0,0,0,1,0,0,1,0,1,1.8,1
0,0,0,.36,.2,1,0,2,0,0,0,1,1,2,0
1,0,0,.43,.43,0,0,1,0,0,1,0,1,3.1,0
0,0,0,.12,.05,0,0,1,0,0,0,1,1,4.3,0
0,0,0,.39,.19,1,0,1,0,0,0,0,1,5.3,0
0,0,0,.33,.27,0,0,2,0,0,0,0,1,3.2,0
0,0,0,.35,.2,0,0,1,0,0,1,0,1,10.6,1
0,0,0,.33,.26,1,0,2,0,0,0,0,1,2,0
0,0,0,.43,.32,0,0,2,0,0,0,0,1,4.3,0
0,0,0,.29,.28,0,0,2,0,0,0,1,1,3.1,0
0,0,0,.28,.24,0,0,2,0,0,0,0,1,3.2,0
0,0,0,.4,.18,0,0,2,0,0,0,1,1,3.1,0
0,0,0,.37,.22,0,0,2,0,0,0,0,1,3.9,0
0,0,0,.33,.33,0,0,2,0,0,0,0,1,3.2,0
0,0,0,.28,.24,0,0,1,0,0,0,0,1,1.8,0
0,0,0,.36,.31,0,0,1,0,0,0,0,1,10.6,0
0,0,1,.44,.17,1,0,1,0,0,0,0,1,3.2,0
0,0,0,.45,.18,1,0,1,1,0,1,1,1,8.9,0
0,0,0,.3,.13,0,0,1,0,0,0,0,1,3.1,0
0,0,0,.38,.21,0,0,1,0,0,1,1,1,3.9,0
0,0,0,.29,.29,0,0,1,0,0,0,1,1,3.1,0
0,0,0,.33,.31,0,0,1,0,0,1,0,1,3.9,0
0,0,0,.21,.21,0,0,1,1,0,0,0,1,3.2,0
0,1,0,.38,.24,0,0,1,0,0,0,0,1,3.2,0
0,1,0,.31,.22,0,0,2,0,0,0,0,1,1.8,1
0,1,0,.19,.19,0,0,2,0,0,0,1,1,3.2,1
0,1,0,.36,.36,0,0,2,0,0,0,1,1,3.2,1
0,1,0,.425,.253,0,1,1,0,0,0,0,1,3.9,0
0,1,0,.35,.28,0,0,2,0,0,0,0,1,1.8,1
0,1,0,.37,.28,1,0,2,0,0,0,1,1,3.9,0
0,0,0,.34,.28,0,0,2,0,0,0,1,1,3.2,0
0,0,0,.33,.27,1,0,2,0,0,0,0,1,3.2,1
0,0,1,.3535,.2311,0,0,2,0,0,0,1,1,3.2,1
0,0,1,.36,.26,0,0,2,0,0,0,1,0,4.3,1
0,0,1,.126,.126,1,0,1,0,0,0,0,1,4.3,0
0,0,0,.31,.3,0,0,2,0,0,0,1,1,3.2,0
0,0,0,.3458,.3458,0,0,1,0,0,0,1,1,3.2,1
0,1,0,.42,.32,1,0,2,0,0,1,0,1,4.3,0
0,0,1,.2712,.2712,0,0,2,0,0,0,0,1,3.2,1
0,0,1,.2399,.2399,0,0,2,0,0,0,0,0,5.3,1
0,0,1,.29,.29,1,0,2,0,0,0,1,1,2,1
0,1,0,.38,.28,0,1,2,0,0,0,1,1,3.2,1
0,0,1,.17,.15,1,0,2,0,0,0,1,1,3.1,0
0,1,0,.2258,.1449,1,0,2,0,0,0,0,1,3.2,0
0,1,0,.35,.26,0,0,2,0,0,0,1,1,3.1,1
0,0,1,.3444,.315,1,0,2,0,0,0,0,1,3.2,0
0,0,1,.298,.255,1,0,2,0,0,0,1,1,3.2,0
0,0,0,.33,.27,0,0,2,0,0,0,1,1,3.2,1
0,1,0,.24,.24,1,0,2,0,0,0,0,1,3.9,1
0,1,0,.2809,.2397,1,0,2,0,0,0,1,1,1.8,1
0,0,0,.32,.32,0,0,2,0,0,0,1,1,2,1
0,1,0,.16,.1,0,0,1,0,0,0,0,1,3.2,0
0,0,0,.4,.37,1,0,2,0,0,0,1,1,2,0
0,1,0,.25,.13,1,0,1,0,0,1,0,1,1.8,0
0,0,0,.35,.32,1,0,2,0,0,1,1,1,3.2,1
0,1,0,.38,.3,0,0,2,0,0,0,1,1,3.2,1
0,1,0,.32,.31,1,0,2,0,0,0,1,1,3.2,1
0,1,0,.35,.23,0,0,2,0,0,0,1,1,3.2,0
0,1,0,.27,.2,0,0,2,0,0,0,1,0,3.2,0
0,1,0,.1629,.1288,1,0,2,0,0,0,0,1,3.2,0
0,0,1,.21,.21,1,0,2,0,0,0,0,1,3.2,1
0,1,0,.25,.22,1,0,2,0,0,0,0,1,3.9,1
0,1,0,.29,.22,0,1,2,0,0,0,0,1,3.1,1
0,0,0,.41,.3,0,0,2,0,0,0,1,1,3.2,0
0,1,0,.2712,.2712,0,0,2,0,0,0,1,1,3.2,1
0,1,0,.32,.27,1,0,2,0,0,0,1,1,2,1
0,0,1,.28,.25,0,1,2,0,0,0,0,1,3.2,0
0,0,0,.35,.35,0,0,2,0,0,0,1,1,3.2,0
0,1,0,.25,.25,1,0,2,0,0,0,0,1,3.2,0
0,1,0,.31,.19,0,0,2,0,0,0,1,1,3.2,0
0,1,0,.37,.23,1,0,2,0,0,0,1,1,3.9,1
0,1,0,.34,.27,1,0,2,0,0,0,1,1,3.2,0
0,1,0,.58,.58,1,0,2,0,0,0,1,1,3.2,1
0,1,0,.33,.27,1,0,2,0,0,0,0,1,3.6,1
0,1,0,.16,.12,1,0,1,0,0,0,1,1,3.2,0
0,1,0,.38,.31,1,0,2,0,0,0,1,1,3.2,1
0,1,0,.34,.31,0,0,2,0,0,0,0,1,1.8,0
0,1,0,.42,.29,1,0,4,0,0,0,1,1,3.1,0
0,1,0,.33,.12,0,0,1,0,0,0,0,1,1.8,1
1,1,0,.4468,.2005,1,0,2,0,0,0,1,1,1.8,0
1,0,1,.355,.345,1,0,2,0,1,0,1,0,3.2,0
1,1,0,.39,.26,1,0,2,0,0,0,0,1,3.2,0
1,1,0,.45,.2,1,0,2,0,0,0,0,0,3.2,0
1,1,0,.51,.41,1,0,2,0,0,0,1,1,5.3,0
1,1,0,.43,.33,0,0,2,1,0,0,0,0,3.2,1
1,1,0,.31,.27,1,0,2,0,1,0,1,1,3.2,1
1,1,0,.46,.33,0,0,2,0,0,0,1,1,1.8,0
1,1,0,.24,.24,0,1,2,1,0,0,1,1,10.6,0
0,1,0,.22,.19,0,1,1,0,1,0,0,1,3.2,1
1,1,0,.22,.19,1,0,1,0,1,0,0,1,4.3,1
1,0,1,.36,.36,1,0,1,0,0,0,1,1,3.2,0
1,0,0,.82,.6,0,1,2,0,1,0,1,1,3.2,0
1,1,0,.18,.05,0,0,2,0,0,0,1,1,2,1
1,0,0,.79,.69,1,0,2,0,1,0,1,1,2,0
1,0,0,.66,.31,1,0,2,0,0,0,1,1,3.2,1
1,0,1,.36,.31,1,0,2,0,1,0,0,1,3.2,0
1,1,0,.59,.24,1,0,2,0,1,0,0,1,10.6,1
1,0,1,.36,.3,1,0,2,0,0,0,1,1,3.9,0
1,1,0,.66,.53,1,0,2,1,1,0,1,1,3.2,0
1,1,0,.3128,.2248,1,0,2,0,1,0,1,1,3.9,0
1,1,0,.32,.21,1,0,2,0,0,0,0,1,2,0
1,1,0,.35,.32,1,0,2,1,1,0,1,1,3.9,1
1,1,0,.52,.51,1,0,2,0,1,0,1,1,3.2,0
1,1,0,.33,.31,1,0,2,0,1,0,1,1,3.2,0
1,1,0,.42,.27,1,0,2,0,1,0,0,1,3.2,0
1,1,0,.41,.34,0,1,2,1,1,0,0,1,3.2,0
1,0,0,1.14,1.04,1,0,2,1,1,1,1,1,3.9,0
1,1,0,.49,.33,0,0,2,0,1,0,0,1,3.2,1
1,1,0,.46,.36,0,0,2,0,0,0,0,1,3.2,1
1,1,0,.53,.38,1,0,2,0,0,0,0,1,3.2,0
1,0,1,.27,.27,0,0,2,0,0,0,0,0,4.3,1
1,0,1,.3,.22,0,0,2,0,0,0,0,0,10.6,1
1,1,0,.25,.19,0,0,2,0,0,0,1,1,1.8,0
1,1,0,.39,.28,0,0,2,1,1,0,1,1,2,1
1,0,0,.41,.34,1,0,2,0,1,0,0,1,2,0
1,1,0,.26,.26,0,0,2,0,0,0,1,1,3.2,1
1,1,0,.36,.25,1,0,2,0,0,0,1,1,3.2,1
1,1,0,.39,.34,1,0,2,0,0,0,1,1,3.2,0
1,0,1,.4,.35,0,0,2,1,0,0,0,1,3.1,0
1,1,0,.6,.6,1,0,2,0,1,0,1,1,3.2,0
1,1,0,.36,.26,1,0,2,1,0,0,1,1,3.9,1
1,1,0,.253,.237,1,0,2,1,1,0,1,1,3.9,1
1,1,0,.2976,.2976,0,1,2,0,1,0,1,1,3.2,0
1,1,0,.53,.48,1,0,2,0,1,0,1,1,10.6,0
1,0,1,.48,.22,0,0,2,0,0,0,0,1,1.8,1
1,1,0,.2695,.1995,1,0,2,0,0,0,1,1,3.2,0
1,1,0,.83,.49,1,0,2,0,0,0,1,1,3.9,0
1,1,0,.34,.23,0,1,2,0,1,0,0,1,2,0
0,0,0,.26,.26,0,0,2,0,0,0,0,1,3.2,0
1,0,0,.28,.23,1,0,2,0,1,1,1,1,3.2,0
1,0,0,.34,.28,1,0,2,0,0,0,1,1,5.3,0
0,0,0,.37,.23,0,0,1,0,0,0,1,1,3.2,0
1,0,0,.23,.18,0,0,1,0,0,1,0,1,10.6,0
0,0,0,.31,.26,1,0,2,0,0,0,0,1,3.2,0
0,0,0,.36,.27,0,0,1,0,0,0,0,1,3.2,0
0,0,0,.41,.4,0,0,2,0,0,0,0,1,10.6,0
0,0,0,.31,.3,0,0,2,0,0,0,1,1,3.2,0
0,0,0,.44,.4,0,0,1,0,0,0,0,1,5.3,0
0,0,0,.37,.28,0,0,1,0,0,0,0,1,1.8,0
0,0,0,.39,.31,0,0,1,0,0,0,0,1,3.2,0
0,0,0,.38,.28,0,0,1,0,0,0,0,1,10.6,0
0,0,0,.45,.21,0,0,1,0,0,0,1,1,4.3,1
0,0,0,.34,.31,0,0,2,0,0,0,0,1,2,0
0,0,1,.35,.21,1,0,1,1,0,0,1,1,3.2,1
0,0,1,.29,.19,1,0,1,0,0,0,0,1,3.2,1
0,0,0,.34,.22,1,0,1,0,0,0,1,1,3.1,1
0,0,0,.36,.32,0,0,2,0,0,0,0,1,3.2,0
1,0,0,.54,.47,0,1,2,1,0,0,0,1,3.2,0
0,0,0,.35,.22,1,0,1,0,0,0,0,1,3.2,1
0,0,0,.36,.3,1,0,1,0,0,1,0,1,10.6,0
0,0,0,.33,.22,0,0,2,0,0,0,0,1,3.2,0
0,0,0,.35,.3,0,0,1,0,0,0,0,1,5.3,0
0,0,0,.31,.28,0,0,3,0,0,0,0,1,3.9,0
1,0,0,.25,.22,0,0,2,0,0,0,0,1,3.2,0
0,0,0,.37,.27,1,0,2,0,1,0,0,1,3.9,0
0,0,0,.27,.26,1,0,2,0,0,0,0,1,10.6,0
0,0,0,.27,.2,0,0,1,0,0,0,0,1,3.9,0
0,0,0,.36,.28,0,0,2,0,0,0,0,1,5.3,0
0,0,0,.21,.18,0,0,1,0,0,0,0,1,3.2,0
0,0,0,.3,.23,1,0,2,0,0,0,1,1,3.2,0
0,0,0,.34,.26,1,0,2,0,0,0,0,1,3.2,0
0,0,0,.29,.24,0,0,2,0,0,1,0,1,3.2,0
0,0,0,.4,.22,1,0,2,0,0,0,1,1,3.1,0
0,0,0,.3,.23,0,0,2,0,0,0,0,1,3.2,0
0,0,1,.32,.23,1,0,1,0,0,0,0,1,3.9,0
0,0,0,.26,.26,0,0,2,0,0,0,1,1,4.3,0
0,0,0,.28,.28,1,0,1,0,0,0,0,1,3.1,0
0,0,0,.39,.23,0,0,1,0,0,0,0,1,3.2,0
0,0,0,.22,.157,1,0,1,0,0,0,0,1,3.2,1
0,0,0,.281,.221,0,0,2,0,0,0,0,1,3.1,0
0,0,0,.35,.303,1,0,2,0,0,0,0,1,5.3,0
0,0,0,.362,.276,1,0,1,0,0,0,0,1,10.6,0
0,0,0,.3448,.2125,1,0,1,0,0,0,1,1,1.8,1
0,0,0,.364,.276,1,0,1,0,0,1,0,1,3.2,0
0,0,0,.176,.173,0,0,2,0,0,0,0,1,3.9,0
0,0,0,.374,.3172,1,0,2,0,0,0,0,1,1.8,0
0,0,0,.359,.342,1,0,1,0,0,0,0,1,3.1,0
0,0,0,.284,.254,0,0,2,0,0,0,1,1,3.2,0
0,0,0,.3361,.3175,0,0,2,0,0,0,1,1,3.9,0
0,1,0,.255,.171,0,0,1,1,0,0,0,0,3.9,0
0,0,0,.3111,.3008,1,0,2,0,0,0,1,1,3.2,0
0,0,0,.326,.269,1,0,2,0,0,0,0,1,2,0
0,0,0,.3281,.3075,0,0,2,0,0,0,1,1,3.2,1
0,0,0,.38,.3,0,0,1,0,0,0,0,1,3.9,0
0,0,0,.322,.313,1,0,2,0,0,0,0,1,3.2,0
1,0,0,.316,.212,0,0,2,0,0,0,0,1,3.2,0
0,0,0,.225,.221,0,1,2,0,0,0,1,1,3.1,1
0,0,0,.2236,.2169,1,0,2,0,0,0,1,1,2,1
0,0,0,.223,.223,0,0,2,0,0,0,1,1,2,0
0,0,0,.169,.11,1,0,2,0,0,0,1,1,3.2,1
0,0,0,.422,.371,0,0,2,0,0,1,1,1,3.2,0
0,0,0,.3262,.1989,0,0,1,0,0,0,0,1,5.3,0
0,0,0,.319,.282,0,0,1,0,0,0,0,1,3.1,0
0,0,0,.44,.32,0,0,2,0,0,1,1,1,4.3,0
0,1,0,.382,.266,1,0,2,0,0,0,0,1,3.2,0
0,0,0,.304,.245,1,0,2,0,0,0,0,1,3.2,0
0,0,0,.34,.18,0,0,1,1,0,1,1,1,10.6,0
0,0,0,.322,.215,0,0,2,0,0,0,1,1,3.1,0
0,0,0,.379,.319,0,0,2,0,0,0,0,1,3.1,0
0,0,0,.65,.44,0,0,1,1,0,1,0,1,3.2,0
0,0,0,.319,.3116,0,0,2,0,0,0,1,1,3.2,1
0,0,0,.4075,.299,0,0,2,0,0,0,0,1,3.9,0
0,0,0,.3592,.295,1,0,2,0,0,0,1,1,3.1,0
0,0,0,.1956,.1451,0,0,1,0,0,0,0,1,3.2,0
0,0,0,.296,.27,0,0,2,0,0,0,1,1,3.2,0
0,0,0,.357,.299,1,0,1,0,0,0,1,1,3.1,0
0,0,0,.362,.217,1,0,2,0,0,0,1,1,3.2,0
0,0,0,.306,.278,0,0,2,0,0,0,1,1,3.2,1
0,0,0,.275,.256,1,0,2,0,0,0,1,1,3.2,0
0,0,0,.3074,.3023,0,0,1,0,0,0,0,1,3.1,0
0,0,0,.324,.263,0,0,1,0,0,1,1,1,3.2,0
0,0,0,.228,.228,0,0,1,0,0,0,0,1,4.3,0
0,1,0,.3749,.3071,1,0,1,0,0,0,0,1,3.1,0
0,0,0,.403,.241,0,0,1,0,0,0,0,1,3.2,0
0,0,0,.454,.166,0,0,1,0,0,0,0,1,10.6,0
0,0,0,.278,.167,0,0,1,0,0,0,0,1,3.1,0
0,0,0,.2873,.2514,0,0,1,0,0,0,0,1,3.2,0
0,0,0,.266,.212,1,0,2,0,0,0,0,1,2,0
0,0,0,.334,.269,1,0,2,0,0,0,1,1,1.8,0
0,0,0,.174,.17,0,0,2,0,0,0,1,1,3.2,0
0,0,0,.333,.268,0,0,2,0,0,0,0,1,5.3,0
0,0,0,.333,.33,0,0,1,0,0,0,0,1,3.1,0
0,1,0,.382,.282,1,0,2,0,0,0,0,1,3.2,0
0,0,0,.164,.145,0,0,1,0,0,0,0,1,5.3,0
0,0,0,.241,.236,0,0,2,0,0,0,1,1,2,1
0,0,0,.297,.285,0,0,2,0,0,0,1,1,1.8,0
0,0,0,.323,.297,0,0,2,0,0,0,1,1,3.2,1
0,0,0,.29,.15,0,0,1,0,0,0,0,1,1.8,0
0,0,0,.341,.269,1,0,2,0,0,0,0,1,3.1,0
0,0,1,.382,.323,0,0,2,0,0,1,0,1,3.2,0
0,0,0,.414,.402,0,0,1,0,0,0,1,1,3.2,0
0,0,0,.266,.189,1,0,2,0,0,0,0,1,3.1,0
0,0,0,.2594,.2486,0,0,2,0,0,0,1,1,3.9,0
0,0,0,.4899,.2651,0,0,1,0,0,1,0,1,3.1,0
0,0,0,.266,.131,0,0,1,0,0,0,0,1,4.3,0
0,0,0,.221,.218,0,0,2,0,0,0,0,1,3.9,1
0,0,0,.4037,.3155,1,0,2,0,0,0,0,1,3.9,0
0,0,0,.21,.21,0,0,1,0,0,0,0,1,3.2,0
0,0,0,.304,.275,1,0,2,0,0,0,1,1,3.6,0
0,1,0,.389,.304,0,0,2,0,0,0,1,1,3.2,0
0,0,0,.375,.276,0,0,2,0,0,0,0,1,3.1,0
0,0,0,.323,.283,0,0,2,0,0,0,1,1,1.8,1
0,0,0,.319,.278,0,0,2,0,0,0,0,1,10.6,0
0,0,0,.302,.285,0,0,1,0,0,0,0,1,3.2,0
0,0,0,.3614,.337,1,0,2,0,0,0,1,1,2,0
0,0,0,.3,.289,1,0,2,0,0,0,0,1,2,0
0,0,0,.209,.133,0,0,1,0,0,0,0,1,3.2,0
0,1,0,.401,.276,1,0,1,1,0,0,1,1,3.2,1
0,0,0,.33,.062,0,0,2,1,0,0,0,1,3.2,0
0,0,0,.304,.288,0,0,1,0,0,0,0,1,3.2,0
0,0,0,.146,.131,0,0,2,0,0,0,0,1,4.3,0
0,0,0,.36,.21,0,0,1,0,0,1,1,1,1.8,0
0,0,0,.37,.26,1,0,2,0,0,0,1,1,1.8,0
0,0,0,.34,.3,0,0,1,0,0,0,0,1,5.3,0
0,0,0,.24,.24,0,0,1,0,0,0,0,1,3.2,0
0,0,0,.21,.15,0,0,1,0,0,0,0,1,10.6,0
0,0,0,.26,.22,0,0,2,0,0,0,0,1,3.9,0
0,0,1,.35,.35,1,0,2,1,0,0,1,1,3.9,0
0,1,0,.38,.31,0,0,1,0,0,0,1,1,3.2,0
0,0,0,.38,.27,1,0,2,0,0,1,0,1,10.6,0
0,0,0,.26,.26,0,0,2,0,0,0,0,1,3.2,1
0,0,0,.18,.14,0,0,1,1,0,1,0,1,4.3,0
0,0,0,.24,.22,0,0,2,0,0,0,0,1,3.1,0
0,0,0,.28,.27,1,0,2,0,0,0,1,1,3.9,1
0,0,0,.25,.09,1,0,2,1,0,0,0,1,1.8,1
0,0,0,.45,.45,0,0,2,0,0,0,1,1,3.6,1
0,0,0,.3,.29,0,0,2,0,0,0,1,1,3.2,1
0,0,0,.34,.27,1,0,2,0,0,0,0,1,5.3,0
0,0,0,.3,.28,0,0,2,0,0,0,1,1,8.9,0
0,0,0,.28,.25,0,0,1,0,0,0,1,1,3.2,0
0,0,0,.38,.27,0,0,1,0,0,0,0,1,3.9,0
1,0,0,.34,.31,1,0,2,0,0,0,0,1,3.2,0
0,0,0,.35,.28,1,0,2,0,0,0,0,1,3.2,0
0,0,0,.33,.3,1,0,2,0,0,0,1,1,3.2,0
0,0,0,.32,.31,1,0,2,0,0,0,1,1,1.8,0
0,0,0,.22,.2,0,0,2,0,0,0,1,1,3.1,0
0,0,0,.3,.23,1,0,2,0,0,0,1,1,3.9,0
0,0,0,.26,.25,0,0,1,0,0,0,0,1,3.1,0
0,0,0,.34,.29,0,0,1,0,0,0,1,1,3.2,1
0,0,0,.28,.25,0,0,2,0,0,0,1,1,3.2,0
0,0,0,.33,.31,1,0,2,0,0,1,1,1,3.2,0
0,0,0,.4,.35,1,0,2,0,0,0,0,1,2,0
0,0,1,.38,.24,1,0,2,0,0,0,0,1,3.9,0
0,0,0,.26,.26,1,0,2,0,0,0,0,1,5.3,0
0,0,0,.2,.2,0,0,1,0,0,0,0,1,3.2,0
0,1,0,.34,.28,1,0,2,0,0,0,1,1,3.2,0
0,0,0,.33,.25,0,0,2,0,0,0,0,1,3.9,0
0,0,0,.35,.25,1,0,2,0,0,0,0,1,5.3,0
0,0,0,.36,.25,1,0,2,0,0,0,1,1,3.1,0
0,0,0,.32,.28,0,0,2,0,0,0,1,1,3.9,0
0,0,0,.32,.25,0,0,2,0,0,0,0,1,2,0
0,0,0,.34,.32,0,0,2,0,0,0,0,1,3.9,0
0,0,0,.22,.21,1,0,2,0,0,1,0,1,4.3,0
0,0,0,.28,.27,0,0,1,0,0,0,0,1,10.6,0
0,0,0,.28,.26,1,0,2,0,0,0,0,1,3.9,0
0,0,0,.31,.3,0,0,2,0,0,0,1,1,3.6,0
0,0,0,.37,.23,0,0,1,0,0,0,0,1,3.1,0
0,1,0,.32,.29,1,0,2,0,0,0,0,1,3.2,0
0,0,0,.39,.23,0,0,2,0,0,0,0,1,3.2,0
1,1,0,.48,.34,1,0,2,1,0,0,1,1,3.2,0
0,0,0,.39,.25,1,0,1,0,0,0,0,1,2,0
0,0,0,.18,.12,0,0,2,0,0,0,1,1,3.1,0
1,0,0,.38,.18,1,0,1,0,1,0,1,1,4.3,0
0,0,0,.38,.33,0,0,2,0,0,0,1,1,3.2,0
0,0,0,.26,.26,0,0,2,0,0,0,1,1,4.3,0
0,0,0,.36,.31,1,0,1,1,0,1,1,1,4.3,0
0,0,0,.26,.19,0,0,1,0,0,0,0,1,5.3,0
0,0,0,.27,.24,0,0,2,0,0,0,1,1,10.6,0
0,0,0,.24,.24,0,0,2,0,0,1,0,1,3.2,0
0,0,0,.25,.17,0,0,1,0,0,0,0,1,3.2,0
0,0,0,.28,.24,0,0,2,0,0,0,1,1,3.2,0
0,0,0,.39,.28,0,0,2,0,0,0,0,1,3.2,0
1,1,0,.08,.08,0,0,1,1,0,1,0,1,4.3,0
0,0,0,.38,.3,0,0,2,0,0,0,0,1,2,0
0,0,0,.15,.13,0,0,2,0,0,0,0,1,3.2,0
0,0,1,.22,.19,0,0,3,1,0,0,0,1,2,0
0,0,0,.23,.14,1,0,2,0,0,0,0,1,3.2,0
0,0,0,.2,.19,1,0,2,0,0,1,0,1,3.2,1
0,0,0,.32,.26,1,0,3,0,0,1,0,1,3.2,1
0,0,0,.35,.2,1,0,2,0,0,0,0,1,2,0
0,0,0,.46,.46,0,0,2,0,0,0,1,1,10.6,0
0,0,0,.31,.31,1,0,2,0,0,0,0,1,10.6,0
0,0,0,.21,.16,1,0,2,0,0,0,0,1,3.2,0
0,0,0,.31,.25,1,0,2,0,0,0,0,1,3.2,0
0,0,0,.29,.26,1,0,2,0,0,1,1,1,10.6,0
0,1,0,.31,.26,1,0,2,0,0,0,1,1,2,0
1,0,0,.57,.17,1,0,3,0,0,1,0,1,10.6,0
1,0,0,.52,.35,0,0,1,0,0,0,0,1,2,0
0,0,0,.33,.2,1,0,2,0,0,1,0,1,8.9,0
0,0,0,.33,.2,1,0,2,0,0,0,0,1,3.2,0
0,0,0,.43,.27,0,0,1,0,0,0,0,1,3.2,0
0,0,0,.37,.32,0,0,2,0,0,0,0,1,3.2,0
0,0,0,.34,.31,0,0,1,0,0,0,1,1,2,0
1,0,0,.43,.42,1,0,2,0,1,0,1,1,3.9,0
0,0,0,.36,.27,0,0,2,0,0,0,1,1,4.3,0
1,0,0,.36,.35,1,0,2,0,0,0,1,1,3.9,0
1,0,0,.78,.72,1,0,2,0,0,0,0,1,3.6,1
0,0,0,.38,.17,0,0,1,0,0,0,1,1,2,0
0,0,0,.37,.31,0,0,1,0,0,0,0,1,3.1,0
0,0,0,.37,.31,0,0,1,0,0,0,0,1,3.1,0
0,0,0,.42,.23,0,0,1,0,0,0,0,1,2,0
0,0,0,.33,.25,0,0,1,0,0,0,0,1,3.2,0
0,1,0,.41,.29,1,0,2,0,0,0,1,1,3.2,0
0,1,0,.38,.32,0,0,2,0,0,0,0,0,5.3,1
0,1,0,.46,.29,0,0,2,0,0,0,0,0,3.2,0
0,1,0,.53,.31,0,0,2,1,0,0,1,1,3.2,0
1,1,0,.34,.34,0,1,2,0,0,0,0,0,3.1,0
0,0,0,.33,.33,0,0,2,0,0,0,1,1,2,1
0,0,0,.39,.38,1,0,2,0,0,1,1,1,10.6,1
1,0,1,.15,.15,1,0,2,1,0,0,0,1,3.2,0
1,1,0,.27,.23,1,0,2,0,0,0,1,1,3.2,1
0,0,1,.45,.27,1,0,2,1,0,0,0,0,3.1,0
1,1,0,.63,.24,0,0,2,1,0,0,1,1,3.2,0
0,1,0,.32,.31,1,0,2,0,0,0,1,1,3.9,0
1,1,0,.44,.44,1,0,2,0,0,0,1,1,3.2,0
1,0,0,.43,.38,1,0,2,0,0,0,0,0,8.9,1
0,0,1,.31,.28,1,0,2,0,0,0,1,1,3.2,0
0,1,0,.33,.23,1,0,2,1,0,0,1,1,3.2,1
1,1,0,.38,.33,0,0,2,0,0,0,1,1,2,1
1,1,0,.37,.18,1,0,2,0,0,0,0,1,3.9,1
1,1,0,.21,.13,1,0,2,1,0,1,1,1,3.2,0
0,1,0,.35,.28,0,0,2,0,0,0,0,1,3.1,0
0,1,0,.21,.21,1,0,2,0,0,0,1,1,3.2,1
0,1,0,.23,.18,0,1,2,1,0,0,0,1,3.9,1
1,0,0,.57,.36,0,1,2,0,0,1,1,1,4.3,1
0,0,0,.27,.23,1,0,2,0,0,0,1,1,3.6,1
0,0,0,.33,.23,0,1,2,0,0,0,0,1,3.9,1
0,0,0,.47,.3,0,0,1,0,0,1,0,1,5.3,0
0,0,0,.32,.29,0,0,1,0,0,0,1,1,3.2,0
0,0,0,.29,.23,1,0,1,0,0,0,0,1,3.2,0
0,0,0,.47,.15,0,0,1,0,0,1,0,1,3.2,0
0,0,1,.3,.3,0,0,2,0,0,0,0,1,1.8,0
0,0,0,.53,.3,0,0,1,0,0,0,0,1,4.3,0
0,0,0,.31,.31,1,0,2,0,0,0,0,1,10.6,0
0,0,0,.39,.28,0,0,2,0,0,0,0,1,3.2,0
0,0,0,.36,.26,1,0,1,0,0,0,0,1,3.9,0
0,0,0,.42,.21,0,0,2,0,0,0,1,1,3.2,0
0,0,0,.36,.27,1,0,2,0,0,0,0,1,2,0
0,0,0,.35,.29,0,0,2,0,0,0,1,1,1.8,0
0,0,0,.26,.22,1,0,2,0,0,0,1,1,3.2,0
0,0,0,.22,.21,0,0,2,0,0,0,0,1,3.2,1
0,0,0,.14,.14,0,0,2,0,0,0,0,1,3.2,0
0,0,0,.32,.23,0,0,2,0,0,0,0,1,3.1,0
0,0,0,.28,.27,0,0,2,0,0,0,1,1,1.8,0
0,1,0,.37,.3,0,0,2,0,0,0,1,1,10.6,0
0,0,0,.28,.26,0,0,2,0,0,1,0,1,3.2,0
0,0,0,.29,.25,0,0,2,0,0,0,1,1,4.3,0
0,1,0,.27,.25,1,0,2,0,0,0,0,1,3.2,0
0,0,0,.25,.24,1,0,2,0,0,0,1,1,3.1,0
0,0,0,.26,.18,1,0,2,0,0,0,0,1,3.1,0
0,0,0,.3,.29,0,0,1,0,0,0,0,1,3.2,0
1,0,0,.5,.29,0,0,1,0,0,0,0,1,3.6,0
0,0,0,.38,.19,0,0,2,0,0,0,0,1,8.9,0
0,0,0,.4,.25,1,0,2,0,0,0,0,1,3.2,0
0,0,0,.34,.28,0,0,2,0,0,0,0,1,3.2,0
0,0,0,.32,.31,0,0,2,0,0,0,0,1,3.2,0
0,0,0,.26,.21,0,0,2,0,0,0,0,1,3.2,0
0,0,0,.2,.2,0,0,2,0,0,1,0,1,10.6,0
0,0,0,.29,.23,1,0,1,0,0,0,0,1,3.2,0
0,0,0,.32,.27,1,0,2,0,0,0,1,1,10.6,0
1,1,0,.39,.34,0,0,1,0,0,0,1,1,3.2,0
0,0,0,.19,.18,0,0,2,0,0,0,1,1,3.1,0
0,0,0,.37,.32,1,0,2,0,0,0,0,1,3.2,0
0,0,0,.41,.3,0,0,1,0,0,0,0,1,3.9,0
1,0,0,.38,.23,0,0,2,0,0,0,1,1,3.1,0
0,0,0,.33,.28,1,0,2,0,0,0,0,1,10.6,1
0,0,0,.36,.36,0,0,2,0,0,1,1,1,1.8,0
0,0,1,.42,.33,0,0,2,0,0,0,1,1,3.2,0
0,0,0,.427,.271,0,0,2,0,0,0,0,1,1.8,0
0,0,0,.349,.202,1,0,1,0,0,0,1,1,3.2,1
0,0,0,.384,.303,0,0,1,0,0,0,0,1,3.2,0
0,0,0,.31,.2,0,0,1,0,0,0,0,1,2,0
0,0,0,.27,.27,0,0,2,0,0,1,1,1,3.2,0
0,0,0,.396,.148,0,0,2,0,0,0,0,1,3.9,0
0,0,0,.26,.2,0,0,1,0,0,0,0,1,1.8,0
0,0,0,.32,.22,1,0,1,0,0,0,1,1,3.9,0
0,0,0,.369,.336,1,0,2,0,0,0,0,1,2,0
1,0,0,.31,.196,0,1,4,0,0,0,0,1,10.6,0
0,0,0,.353,.31,0,0,2,0,0,0,0,1,2,0
0,0,0,.276,.209,0,0,1,0,0,0,0,1,3.2,0
0,0,0,.31,.31,0,0,1,0,0,0,0,1,3.2,0
0,0,0,.38,.33,1,0,3,0,0,0,1,1,3.2,1
0,0,0,.37,.16,0,0,3,0,0,1,0,1,4.3,1
0,0,0,.36,.22,1,0,2,0,0,0,0,1,3.9,0
0,0,0,.35,.23,1,0,2,0,0,0,0,1,2,1
0,0,0,.36,.34,1,0,2,0,0,0,1,1,3.2,0
0,0,0,.396,.16,0,0,1,0,0,0,0,1,3.1,0
0,0,1,.4,.26,1,0,1,0,0,0,0,1,3.1,0
1,0,0,.32,.15,0,0,4,0,0,1,1,1,4.3,0
0,0,0,.35,.34,1,0,2,0,0,1,1,1,10.6,0
0,0,0,.36,.28,1,0,2,0,0,0,1,1,3.2,0
0,0,0,.35,.25,1,0,2,0,0,0,1,1,2,0
0,0,0,.36,.31,1,0,2,0,0,0,0,1,3.1,0
0,0,0,.27,.27,0,0,1,0,0,0,1,1,4.3,0
0,0,0,.31,.28,1,0,1,0,0,0,0,1,3.2,0
0,0,0,.24,.24,0,0,1,0,0,1,0,1,10.6,0
0,0,0,.34,.28,1,0,2,0,0,0,0,1,1.8,0
0,0,0,.29,.24,1,0,2,0,0,0,0,1,3.2,1
0,0,0,.42,.42,0,0,1,0,0,0,0,1,3.2,0
0,0,1,.36,.21,1,0,2,0,0,0,0,1,10.6,0
0,0,0,.29,.25,0,0,2,0,0,0,0,0,5.3,0
1,0,0,3,3,0,0,3,0,0,1,0,0,10.6,0
0,0,1,.35,.26,1,0,2,0,0,0,0,0,3.2,0
1,0,0,.29,.29,0,0,1,0,0,0,0,1,4.3,0
1,0,0,.25,.18,1,0,4,1,0,1,0,1,4.3,0
0,0,0,.33,.29,1,0,2,0,0,1,1,1,10.6,0
0,0,1,.33,.22,1,0,2,0,0,0,0,1,3.9,0
0,0,0,.32,.21,1,0,2,0,0,0,1,1,3.9,0
1,0,0,.3,.2,1,0,2,1,0,0,0,1,4.3,0
1,0,0,.33,.24,0,0,4,0,0,0,0,1,2,0
0,0,1,.24,.2,1,0,2,0,0,0,0,1,3.2,0
0,0,0,.29,.24,1,0,2,0,0,0,0,1,4.3,0
0,0,0,.28,.17,0,0,2,0,0,0,0,1,4.3,0
0,1,0,.37,.3,1,0,2,0,0,0,0,1,3.2,0
0,0,0,.3,.2,0,0,2,0,0,0,1,1,2,0
0,0,0,.37,.35,1,0,2,0,0,0,0,1,1.8,1
0,0,0,.19,.16,0,0,2,0,0,0,1,1,10.6,1
0,0,0,.36,.29,0,0,2,0,0,0,0,1,3.6,0
0,0,0,.83,.72,0,0,2,0,0,0,1,1,3.6,0
0,0,1,.37,.23,0,1,2,1,0,0,1,1,3.6,1
0,0,0,.29,.16,0,0,2,0,0,0,1,1,3.6,0
0,1,0,.37,.31,1,0,2,0,0,0,1,1,3.6,1
0,0,0,.21,.21,0,0,2,1,0,0,0,1,3.6,0
0,0,0,.21,.19,0,0,2,0,0,0,1,0,3.6,0
0,0,0,.29,.28,0,0,2,0,0,0,1,1,3.6,0
0,0,0,.21,.14,0,1,2,0,0,0,1,1,3.6,0
0,0,0,.42,.32,1,0,2,0,0,0,1,1,3.6,1
0,0,0,.33,.29,0,0,2,0,0,0,1,1,3.6,0
0,0,0,.22,.21,0,0,2,0,0,0,0,1,3.6,0
0,0,0,.27,.23,0,0,2,0,0,0,0,1,3.6,0
0,1,0,.43,.34,0,1,2,0,0,0,1,1,3.6,1
1,0,0,.37,.2,1,0,2,1,1,0,0,1,3.6,1
0,1,0,.19,.19,1,0,1,0,0,1,0,1,3.6,0
0,0,0,.29,.29,1,0,2,0,0,0,1,1,3.6,1
0,0,0,.17,.13,0,0,2,0,0,0,0,1,3.6,0
0,0,0,.34,.24,1,0,2,0,0,0,1,1,3.6,0
0,0,0,.16,.16,0,0,2,0,0,0,0,1,3.6,0
0,0,0,.13,.12,0,0,2,0,0,0,0,1,3.6,0
0,0,0,.31,.24,0,0,1,0,0,0,0,1,3.6,0
0,0,0,.23,.23,0,0,2,0,0,1,0,1,3.6,0
0,0,0,.2,.18,1,0,1,0,0,0,1,1,3.6,1
0,0,0,.21,.19,0,0,2,0,0,0,0,1,3.6,0
0,0,0,.24,.22,0,0,1,0,0,0,0,1,3.6,0
0,0,0,.22,.22,0,0,2,0,0,0,0,1,3.6,0
0,0,0,.25,.17,0,0,2,0,0,0,1,1,3.6,0
0,0,1,.29,.2,0,1,2,0,0,0,1,1,3.6,1
0,0,0,.34,.29,1,0,2,0,0,0,1,1,3.6,1
0,0,0,.4,.31,0,0,1,0,0,0,0,1,3.6,0
0,0,0,.29,.25,0,0,1,0,0,0,0,1,3.6,0
0,0,0,.29,.22,0,0,2,0,0,0,0,1,3.6,0
0,1,0,.14,.14,0,0,2,0,0,0,0,1,3.6,1
0,0,0,.41,.31,0,1,2,0,0,0,0,1,3.6,0
0,1,0,.37,.28,1,0,2,0,0,0,1,1,3.6,1
0,1,0,.43,.43,0,1,2,0,0,0,1,1,3.6,1
0,0,0,.43,.36,1,0,2,0,0,0,1,1,3.6,0
0,0,0,.26,.26,1,0,2,0,0,0,0,1,3.6,1
0,0,0,.23,.23,0,1,2,0,0,0,1,1,3.6,1
0,0,0,.21,.21,1,0,2,0,0,0,1,1,3.6,0
0,0,0,.217,.213,0,0,1,0,0,0,0,1,3.2,0
0,0,0,.37,.322,0,0,2,0,0,0,1,1,3.1,1
0,0,0,.332,.294,1,0,2,0,0,0,0,1,1.8,0
0,0,0,.3,.232,0,0,1,0,0,1,1,1,3.2,0
0,0,0,.371,.261,0,0,2,0,0,0,0,1,3.2,0
0,0,0,.35,.237,1,0,2,0,0,0,0,1,4.3,0
0,0,0,.17,.137,0,0,2,0,0,0,1,1,4.3,0
0,0,0,.2618,.1233,0,0,2,0,0,0,0,1,3.1,1
0,0,0,.219,.21,0,0,2,0,0,0,0,1,8.9,0
0,0,0,.348,.327,1,0,2,0,0,0,0,1,3.1,1
0,1,0,.2058,.2021,1,0,2,0,0,0,1,1,3.2,0
0,0,1,.377,.2927,0,0,2,0,0,0,0,1,3.2,0
0,0,1,.343,.311,1,0,2,0,0,0,0,1,3.2,0
0,0,0,.36,.36,0,0,2,0,0,0,0,1,3.2,0
0,0,0,.43,.11,0,0,1,0,0,0,0,1,3.2,0
0,0,0,.27,.22,0,0,1,0,0,0,0,1,3.6,0
0,0,0,.36,.28,0,1,1,0,0,0,0,1,3.2,0
0,0,0,.27,.22,1,0,2,0,0,0,1,1,3.9,0
0,0,0,.27,.23,0,0,2,1,0,0,0,1,1.8,0
0,1,0,.31,.29,1,0,1,0,0,0,1,1,3.6,0
0,0,0,.35,.3,1,0,2,0,0,0,0,1,3.2,0
0,0,0,.11,.09,0,0,2,0,0,0,1,1,1.8,0
0,0,0,.36,.28,1,0,2,0,0,0,1,1,3.1,0
0,1,0,.36,.27,0,0,2,1,0,0,1,1,8.9,0
0,0,0,.26,.25,0,0,2,1,0,1,0,1,10.6,0
0,0,0,.36,.31,0,1,2,0,0,0,0,1,3.2,0
0,0,0,.32,.3,1,0,2,0,0,0,0,1,3.2,0
0,0,0,.28,.23,1,0,2,0,0,0,0,1,3.2,1
1,0,1,.33,.27,0,1,2,0,0,0,0,1,3.2,0
0,0,0,.3,.29,0,0,1,0,0,0,0,1,3.2,0
0,0,0,.34,.23,1,0,1,0,0,0,1,1,2,0
0,0,0,.25,.24,0,0,2,0,0,0,1,1,3.2,1
1,0,0,.35,.26,0,1,2,0,0,0,0,1,3.2,0
0,0,0,.12,.07,0,0,1,0,0,1,1,1,3.2,1
0,0,0,.33,.32,0,0,1,0,0,0,0,1,3.9,1
0,0,0,.32,.21,1,0,2,0,0,0,1,1,3.6,0
0,0,0,.26,.17,0,0,2,0,0,0,0,1,3.1,0
0,0,0,.51,.32,0,0,2,0,0,0,0,1,3.6,0
0,0,0,.2,.2,0,0,2,0,0,0,1,1,1.8,1
0,0,0,.35,.25,1,0,2,0,0,0,1,1,1.8,0
0,0,0,.31,.21,0,1,2,0,0,0,1,1,1.8,1
1,0,0,.2,.2,1,0,2,0,0,0,1,1,10.6,0
0,0,0,.37,.29,0,1,2,0,0,0,0,1,3.6,0
0,0,0,.29,.24,0,0,2,0,0,0,0,1,5.3,0
0,0,0,.31,.19,0,0,1,0,0,0,1,1,3.6,1
0,0,0,.38,.28,0,0,2,0,0,0,1,1,3.6,1
0,0,0,.29,.09,0,0,1,0,0,1,0,1,3.6,1
0,0,0,.35,.26,1,0,1,0,0,0,0,1,3.6,0
0,0,0,.4,.26,1,0,1,0,0,0,1,1,3.6,0
0,0,0,.34,.23,1,0,2,0,0,0,0,1,3.2,1
0,1,0,.33,.24,0,0,1,0,0,1,0,1,10.6,0
0,0,0,.31,.21,0,0,1,0,0,0,0,1,1.8,0
0,0,0,.41,.29,0,1,2,0,0,0,1,1,3.2,1
1,0,1,.4,.32,0,0,1,0,0,1,0,1,3.2,0
1,0,0,.24,.26,0,0,1,0,0,0,0,1,3.6,0
0,0,0,.24,.11,0,0,2,0,0,0,1,1,1.8,1
0,1,0,.38,.2,0,0,1,0,0,0,0,1,3.2,0
0,0,0,.33,.31,1,0,2,0,0,0,1,1,3.2,0
0,0,0,.32,.17,0,0,1,0,0,0,0,1,3.2,1
0,0,0,.37,.28,1,0,2,0,0,0,0,1,1.8,0
0,0,0,.38,.23,0,0,1,0,0,0,0,1,3.2,0
0,0,0,.31,.28,0,0,2,0,0,0,1,1,10.6,0
1,1,0,.31,.31,0,0,2,0,0,0,1,1,3.6,0
1,1,0,.45,.23,1,0,1,0,1,0,0,1,1.8,0
0,0,0,.35,.26,1,0,2,0,0,0,0,1,3.2,0
0,0,0,.31,.29,0,0,1,0,0,0,0,1,3.6,1
0,0,0,.24,.23,0,0,2,0,0,0,1,1,3.6,0
0,0,0,.35,.16,0,0,2,0,0,0,0,1,3.6,0
1,0,1,.49,.4,1,0,2,1,1,0,0,1,3.6,0
0,0,0,.34,.18,0,1,1,0,0,0,0,1,1.8,0
0,0,0,.37,.3,0,0,2,0,0,0,1,1,3.2,0
0,0,0,.3,.28,1,0,2,0,0,0,0,1,10.6,0
0,0,0,.31,.31,1,0,2,0,0,0,1,1,3.2,1
0,0,1,.34,.17,1,0,2,0,0,0,0,1,3.2,0
0,0,0,.17,.17,0,0,1,0,0,0,0,1,3.2,0
0,0,0,.38,.27,1,0,2,0,0,0,1,1,3.2,0
0,1,0,.37,.29,0,0,2,0,0,0,0,1,3.2,0
1,0,0,.24,.15,0,0,2,0,0,0,0,1,3.2,1
1,0,0,.35,.28,0,0,1,0,0,0,1,1,3.2,1
1,0,0,.35,.28,0,0,1,0,0,0,1,1,3.2,1
0,0,1,.34,.31,0,0,1,0,0,0,1,1,3.6,1
0,0,0,.32,.23,0,0,2,0,0,0,1,1,4.3,0
0,0,0,.33,.28,1,0,2,0,0,0,0,1,1.8,0
0,0,0,.35,.26,0,0,1,0,0,0,0,1,3.2,0
1,0,0,.39,.18,1,0,1,0,0,0,1,1,5.3,1
0,0,0,.28,.27,0,0,2,0,0,0,1,1,3.2,1
1,0,0,.4,.31,1,0,2,0,0,0,0,1,3.2,0
0,1,0,.47,.22,0,0,1,0,0,1,1,1,3.2,1
0,0,1,.3,.3,1,0,2,0,0,0,1,1,3.2,0
0,0,0,.38,.28,0,0,2,0,0,0,1,1,3.1,1
0,0,0,.39,.23,1,0,3,0,0,0,1,1,4.3,1
0,1,0,.31,.3,1,0,2,0,0,0,0,1,3.2,0
0,0,1,.36,.31,1,0,2,0,0,0,0,1,3.6,0
0,0,0,.32,.23,1,0,2,0,0,0,0,1,10.6,0
0,0,0,.37,.3,0,0,1,0,0,1,0,1,3.1,0
0,0,0,.49,.27,0,0,1,0,0,0,0,1,3.2,0
0,0,0,.38,.24,0,0,2,0,0,1,0,1,3.2,0
0,0,0,.36,.18,0,0,2,0,0,1,1,1,10.6,0
0,0,0,.17,.09,0,0,1,0,0,1,0,1,4.3,1
1,0,1,.41,.35,1,0,2,0,0,0,0,1,4.3,1
0,0,0,.33,.29,0,0,2,0,0,0,0,1,3.1,0
0,1,0,.33,.27,0,0,2,0,0,1,0,1,4.3,0
0,0,0,.27,.26,0,0,2,0,0,0,1,1,3.9,1
0,0,0,.32,.29,0,1,1,0,0,0,1,1,3.2,1
0,0,0,.36,.24,0,0,2,0,0,0,1,1,3.9,0
0,0,0,.35,.27,1,0,1,0,0,0,0,1,3.6,0
0,0,0,.33,.31,0,0,2,0,0,0,0,1,3.2,1
0,0,0,.29,.29,0,0,2,0,0,1,0,1,3.6,0
0,0,0,.32,.22,0,0,2,0,0,0,1,1,2,0
0,0,0,.37,.26,1,0,2,0,0,0,1,1,2,0
0,0,0,.26,.25,1,0,2,0,0,0,1,1,3.2,0
0,0,0,.35,.27,1,0,2,0,0,0,1,1,4.3,0
0,0,0,.26,.25,1,0,2,0,0,0,0,1,3.1,0
0,0,0,.31,.2,0,0,2,0,0,0,0,1,1.8,0
0,0,0,.32,.2,0,0,2,1,0,0,0,1,1.8,0
0,0,0,.35,.3,1,0,2,0,0,0,1,1,3.2,0
0,0,0,.34,.32,1,0,2,0,0,0,1,1,1.8,0
1,1,0,.55,.32,1,0,2,0,0,0,1,0,4.3,0
0,0,0,.34,.26,1,0,2,0,0,0,0,1,5.3,0
0,0,0,.21,.21,0,0,2,0,0,0,0,0,5.3,0
0,0,0,.31,.28,0,0,2,0,0,0,0,1,2,0
1,0,0,.47,.33,1,0,2,0,0,1,1,1,10.6,0
0,0,0,.24,.14,0,0,1,0,0,0,0,1,3.6,0
0,0,0,.34,.31,1,0,2,0,0,1,1,1,3.2,0
0,0,0,.31,.3,0,0,2,0,0,0,1,1,2,0
1,1,0,.3,.23,1,0,2,1,0,0,0,1,3.2,0
0,0,0,.33,.32,0,0,1,0,0,1,0,1,3.2,0
1,0,0,.37,.31,1,0,2,1,0,0,1,1,3.2,1
0,0,0,.25,.2,1,0,2,0,0,0,0,1,3.2,0
0,0,0,.29,.21,0,0,1,0,0,1,0,1,3.2,0
0,0,0,.32,.2,1,0,1,0,0,0,1,1,3.2,0
0,0,0,.36,.15,0,0,1,0,0,0,0,1,3.1,1
0,0,0,.24,.23,0,0,1,0,0,0,1,1,3.2,0
0,0,0,.1,.04,1,0,1,0,0,0,0,1,3.2,0
0,0,0,.34,.28,1,0,2,0,0,0,0,1,3.1,0
0,0,0,.43,.3,0,0,3,1,0,0,1,1,10.6,0
0,0,0,.39,.3,0,0,2,0,0,1,1,1,4.3,0
0,0,0,.31,.28,0,0,2,0,0,0,1,1,4.3,0
0,0,1,.25,.14,1,0,2,0,0,0,0,1,4.3,1
1,0,0,1.72,.68,1,0,1,0,0,1,0,1,3.1,0
0,0,0,.37,.26,0,0,2,0,0,0,1,1,5.3,1
0,0,0,.31,.25,0,0,1,0,0,0,0,1,1.8,0
0,0,0,.37,.26,0,0,1,0,0,0,1,1,5.3,0
0,0,0,.24,.2,0,0,2,0,0,1,0,1,1.8,0
0,0,0,.37,.24,0,0,1,0,0,0,0,1,1.8,0
0,0,0,.35,.27,0,1,2,0,0,0,1,1,3.2,1
0,0,0,.29,.26,0,0,1,0,0,1,0,1,10.6,0
0,0,0,.29,.28,1,0,2,0,0,1,0,1,3.9,0
0,0,0,.29,.28,0,0,1,0,0,0,0,1,3.9,0
0,0,0,.07,.07,0,0,1,0,0,1,0,1,10.6,0
0,0,0,.36,.33,1,0,2,0,0,0,0,1,2,0
0,0,0,.25,.22,0,0,1,0,0,0,0,1,10.6,0
0,0,0,.21,.18,0,0,2,0,0,1,0,1,10.6,0
0,0,0,.13,.1,0,0,1,0,0,0,0,1,4.3,0
0,0,0,.34,.23,0,1,4,1,0,0,1,1,4.3,1
0,0,0,.39,.33,0,0,1,0,0,0,0,1,3.2,0
0,0,0,.3,.29,0,0,2,0,0,0,1,1,2,0
0,0,0,.29,.17,0,1,2,0,0,0,0,1,3.1,1
0,0,0,.17,.12,0,0,1,0,0,0,0,1,3.2,0
0,0,0,.37,.27,0,0,2,0,0,0,0,1,3.2,0
1,0,0,.44,.37,1,0,2,0,0,1,0,1,3.2,0
0,0,0,.37,.28,0,0,1,0,0,0,0,1,3.2,0
0,0,0,.25,.23,0,0,1,0,0,0,0,1,3.1,0
0,0,0,.26,.25,0,1,2,0,0,0,1,1,1.8,1
1,0,0,.75,.29,0,0,2,0,0,0,1,1,8.9,0
0,0,0,.175,.12,0,0,2,0,0,0,1,1,4.3,0
0,0,0,.18,.18,0,0,2,0,0,0,0,1,1.8,0
0,0,0,.35,.3,0,0,1,0,0,1,0,1,3.2,0
0,1,0,.276,.26,0,1,2,0,0,0,1,1,3.2,1
0,0,1,.425,.305,0,0,2,1,0,1,0,1,3.2,0
0,1,0,.31,.31,0,0,2,0,0,0,1,1,1.8,0
1,0,0,.28,.28,1,0,2,0,0,0,1,1,3.9,0
0,1,0,.33,.22,1,0,2,0,0,0,0,1,3.2,1
0,0,1,.29,.29,0,0,2,0,0,0,1,1,3.1,0
0,0,0,.18,.18,0,0,2,0,0,0,1,1,4.3,1
0,1,0,.48,.34,0,0,2,0,0,1,1,1,3.2,1
0,0,0,.19,.19,1,0,2,0,0,0,0,1,3.2,1
0,0,0,.46,.36,1,0,2,0,0,0,1,1,3.2,0
0,0,1,.19,.19,0,0,2,0,0,0,1,1,3.2,0
0,1,0,.4,.3,1,0,2,0,0,0,1,1,3.2,1
0,0,1,.49,.25,0,0,2,0,0,0,1,1,5.3,1
0,0,0,.55,.23,0,0,2,0,0,0,0,0,3.2,1
0,1,0,.39,.28,1,0,2,0,0,0,1,1,3.9,1
1,0,0,.692,.378,1,0,2,0,0,1,0,1,3.2,0
0,0,0,.406,.29,0,1,1,0,0,0,0,1,3.2,0
1,0,0,.412,.308,0,1,2,0,0,0,1,1,2,1
1,0,0,.3,.265,1,0,2,0,0,0,0,0,3.2,0
0,0,0,.348,.164,0,0,2,0,0,0,0,1,3.2,0
0,0,0,.325,.272,1,0,1,0,0,0,1,1,4.3,1
0,1,0,.359,.28,1,0,1,0,0,0,0,1,4.3,0
0,0,0,.3,.265,1,0,2,0,0,0,0,0,3.2,0
0,0,0,.267,.185,0,0,2,0,0,0,0,1,3.2,0
0,0,0,.33,.31,0,0,2,0,0,0,1,1,2,1
0,0,0,.305,.225,0,0,1,0,0,0,0,1,2,0
0,0,1,.31,.267,0,0,2,0,0,1,0,1,8.9,0
0,0,0,.32,.28,1,0,2,0,0,1,1,1,3.2,1
0,0,0,.37,.25,1,0,2,0,0,0,0,1,10.6,0
0,0,0,.244,.204,0,0,2,0,0,1,0,1,4.3,0
0,0,0,.324,.3,0,0,1,0,0,0,0,1,4.3,0
1,1,0,.35,.292,1,0,2,1,0,0,0,1,3.2,0
0,0,0,.38,.14,0,0,2,0,0,0,0,1,4.3,0
0,0,0,.24,.197,1,0,2,0,0,0,1,1,1.8,1
0,0,0,.312,.257,1,0,2,0,0,0,0,1,4.3,0
0,0,1,.29,.21,0,0,2,0,0,0,0,1,3.9,1
0,0,0,.32,.259,0,0,2,0,0,0,0,1,3.1,0
1,0,1,.19,.16,0,0,2,0,0,0,0,0,3.1,0
0,0,0,.36,.183,0,0,2,0,0,0,1,1,3.1,0
0,0,0,.176,.12,0,0,2,0,0,1,0,1,3.2,0
0,0,0,.31,.24,1,0,2,0,0,1,1,1,10.6,0
0,0,0,.27,.23,0,0,2,0,0,0,0,1,3.2,0
1,0,0,.3,.3,0,0,2,1,0,0,1,1,3.1,0
1,0,0,.41,.21,1,0,1,0,0,0,0,1,1.8,0
0,0,1,.353,.337,0,0,2,0,0,0,0,1,5.3,0
0,0,0,.19,.12,0,0,2,0,0,0,0,1,3.9,0
0,0,0,.2,.19,0,0,1,0,0,0,0,1,3.2,0
0,0,0,.4,.146,0,0,1,0,0,0,1,1,3.9,1
0,0,0,.32,.258,0,0,2,0,0,0,1,1,3.2,0
0,0,0,.35,.33,0,0,1,0,0,1,0,1,3.2,0
0,0,0,.37,.27,0,0,2,0,0,0,1,1,3.2,0
0,0,0,.35,.29,1,0,1,0,0,0,0,1,3.2,0
0,0,0,.33,.18,0,0,1,0,0,0,0,1,8.9,0
0,0,0,.15,.15,0,0,2,0,0,1,0,1,5.3,0
0,0,0,.34,.23,0,0,1,0,0,0,0,1,3.9,0
0,0,0,.27,.17,0,0,1,0,0,1,1,1,3.1,0
0,1,0,.34,.18,1,0,1,0,0,0,0,1,3.2,0
0,0,0,.3,.22,0,0,1,0,0,0,0,1,3.2,0
0,0,0,.32,.32,0,0,2,0,0,0,1,1,3.1,0
0,0,0,1.28,.73,0,0,1,0,0,1,0,1,4.3,0
0,0,0,.28,.15,0,0,1,0,0,0,1,1,3.9,0
0,0,0,.24,.22,0,0,1,0,0,1,0,1,10.6,0
0,0,1,.28,.28,1,0,2,0,0,0,0,1,3.1,0
0,0,1,.31,.31,1,0,2,0,0,0,0,1,3.1,0
0,1,0,.24,.24,1,0,2,0,0,0,1,1,4.3,0
0,0,1,.19,.19,1,0,2,0,0,0,1,1,3.1,0
0,0,0,.38,.36,0,1,1,0,0,0,0,1,3.2,0
0,0,1,.25,.17,0,0,2,0,0,0,0,1,4.3,0
0,1,0,.32,.26,1,0,2,0,0,0,0,1,3.9,1
0,0,0,.35,.24,1,0,2,0,0,0,1,1,3.2,1
0,0,0,.25,.17,0,1,2,0,0,0,1,1,4.3,1
0,0,0,.44,.11,0,0,1,0,0,0,1,1,2,0
0,0,0,.12,.12,0,0,2,0,0,0,0,1,3.2,0
0,0,0,.21,.21,0,0,1,0,0,0,1,1,3.2,0
0,0,1,.24,.2,1,0,1,0,0,0,1,1,10.6,0
0,0,1,.22,.19,0,0,3,0,0,0,0,0,3.1,0
0,0,1,.22,.17,0,0,1,0,0,0,0,1,3.9,0
0,0,1,.33,.25,1,0,2,0,0,0,1,1,5.3,1
0,0,0,.24,.24,0,0,1,0,0,1,0,1,10.6,0
0,0,0,.36,.36,0,0,1,0,0,0,0,1,3.2,0
0,0,0,.32,.19,1,0,2,0,0,0,1,1,4.3,1
0,0,0,.42,.35,1,0,3,0,0,1,0,1,3.2,0
0,0,0,.37,.24,0,0,1,1,0,1,1,1,3.2,0
0,0,0,.33,.32,0,0,4,0,0,1,1,1,10.6,0
0,0,0,.27,.22,0,0,1,0,0,0,0,1,3.2,0
0,0,0,.3,.26,0,0,1,0,0,0,1,1,2,1
0,0,0,.48,.48,0,0,1,0,0,1,1,1,10.6,0
0,0,0,.19,.17,0,0,2,0,0,0,0,1,3.1,0
0,0,0,.19,.17,0,0,2,0,0,0,0,1,3.2,0
0,0,0,.31,.31,0,0,1,0,0,0,0,1,3.2,0
0,0,0,.36,.28,0,0,2,0,0,0,0,1,3.9,0
0,0,0,.21,.13,0,0,1,0,0,0,0,1,2,0
0,0,0,.33,.24,0,0,1,0,0,0,0,1,3.9,0
0,0,0,.36,.35,0,0,2,0,0,0,1,1,2,0
0,0,0,.37,.3,0,0,2,1,0,0,1,1,1.8,0
0,0,0,.35,.25,0,0,1,0,0,0,0,1,3.2,0
0,0,0,.42,.14,0,0,2,0,0,0,1,1,3.6,0
0,0,0,.34,.26,1,0,2,0,0,0,0,1,3.9,0
0,0,0,.24,.17,0,0,1,0,0,0,0,1,4.3,0
0,0,0,.38,.24,1,0,2,0,0,0,1,1,2,1
0,0,0,.38,.28,0,0,2,0,0,0,0,1,8.9,0
0,0,0,.18,.01,0,0,2,0,0,1,0,1,1.8,0
0,0,0,.34,.2,0,0,1,0,0,1,0,1,8.9,0
0,0,0,.33,.28,1,0,2,0,0,0,1,1,3.9,0
0,0,0,.25,.2,1,0,2,0,0,0,0,1,3.2,0
0,1,0,.38,.31,1,0,2,0,0,0,0,1,10.6,0
0,0,0,.35,.26,0,0,1,0,0,1,0,1,5.3,0
0,0,0,.38,.23,1,0,2,0,0,0,1,1,1.8,0
0,0,0,.37,.24,0,0,2,1,0,1,1,1,3.1,0
0,0,0,.38,.35,0,0,2,1,0,0,0,1,2,0
0,0,0,.36,.26,0,0,1,0,0,0,0,1,3.1,0
0,0,0,.2,.19,1,0,2,0,0,1,0,1,10.6,0
0,0,0,.34,.3,1,0,2,0,0,0,0,1,3.9,0
0,0,0,.36,.29,0,0,2,0,0,0,0,1,3.2,0
0,0,0,.23,.2,0,0,1,0,0,0,0,1,1.8,0
0,0,0,.3,.29,1,0,2,0,0,0,1,1,4.3,0
0,0,0,.29,.27,0,0,1,0,0,0,0,1,1.8,0
0,0,0,.39,.36,0,0,1,0,0,0,0,1,3.9,0
1,0,0,.36,.26,1,0,2,1,0,0,0,1,4.3,1
0,0,0,.28,.16,1,0,1,0,0,0,1,1,3.2,1
0,0,0,.32,.2,1,0,1,0,0,0,0,1,3.2,0
0,0,0,.38,.18,1,0,2,0,0,0,0,1,1.8,0
0,0,0,.26,.26,0,0,1,0,0,1,0,1,3.2,1
0,1,0,.44,.3,1,0,1,0,0,0,0,1,3.9,1
0,1,0,.34,.32,0,0,2,1,0,0,0,1,3.2,0
0,0,0,.34,.21,1,0,2,0,0,0,0,1,3.2,1
0,0,0,.38,.29,0,0,2,0,0,0,0,1,3.1,0
0,0,0,.38,.29,0,0,4,1,0,0,0,1,10.6,0
0,0,0,.35,.21,1,0,1,0,0,0,1,1,3.1,1
1,0,0,.16,.14,1,0,2,0,0,0,0,1,3.6,1
0,0,0,.31,.2,0,0,2,0,0,0,0,1,1.8,0
0,0,0,.36,.27,0,0,2,0,0,0,0,1,3.9,0
0,0,0,.31,.31,1,0,2,0,0,1,1,1,2,0
1,0,0,.45,.21,0,0,2,0,0,0,1,1,3.2,0
0,0,0,.39,.38,0,0,2,0,0,0,1,1,3.2,0
1,0,0,.2,.07,1,0,3,0,0,0,1,1,3.6,0
0,0,0,.24,.23,0,0,2,0,0,0,0,1,3.2,1
0,0,0,.4,.27,0,0,1,0,0,0,1,1,3.2,0
0,0,1,.5,.45,0,1,2,0,0,1,0,1,4.3,1
0,0,0,.45,.45,0,0,2,0,0,0,0,1,3.2,1
0,0,0,.61,.26,1,0,1,0,0,0,1,1,3.1,1
0,0,0,.27,.18,1,0,2,0,0,0,1,1,3.2,0
0,0,0,.55,.24,0,0,4,0,0,0,0,1,1.8,0
1,0,0,.52,.52,0,1,2,1,0,0,0,1,4.3,0
0,0,0,.32,.29,1,0,2,0,0,0,1,1,3.2,1
0,0,0,.17,.09,1,0,1,0,0,0,1,1,3.2,1
0,0,0,.45,.37,0,0,2,0,0,0,1,1,1.8,0
1,0,0,.47,.35,1,0,1,0,0,0,0,1,4.3,0
0,0,0,.14,.14,0,0,1,0,0,1,0,1,3.2,1
0,0,0,.38,.28,1,0,2,0,0,0,1,1,3.2,1
0,0,0,.31,.23,0,0,2,0,0,1,0,1,3.9,0
0,0,0,.53,.29,0,0,1,0,0,0,0,1,3.2,1
0,0,0,.26,.17,0,0,1,0,0,0,1,1,3.1,1
1,0,1,.47,.39,0,0,2,1,0,1,0,1,4.3,0
0,0,0,.2,.2,0,0,1,0,0,0,0,1,3.2,0
0,0,0,.33,.16,1,0,2,0,0,1,1,1,3.2,0
0,0,0,.2,.13,0,0,2,0,0,1,1,1,3.2,0
0,0,0,.52,.28,0,0,1,1,0,0,0,1,4.3,0
0,0,0,.33,.15,0,0,2,0,0,0,1,1,1.8,1
0,0,0,.19,.1,0,0,2,0,0,0,1,1,3.2,1
0,0,0,.28,.25,0,0,2,0,0,0,1,1,3.1,0
0,0,1,.31,.28,0,0,2,0,0,0,0,1,3.2,1
0,0,0,.294,.253,1,0,2,0,0,0,0,1,3.2,0
1,0,0,.293,.293,1,0,2,0,0,0,1,1,3.6,0
0,0,0,.337,.331,0,0,1,0,0,0,1,1,3.9,0
0,0,0,.201,.131,0,0,1,0,0,0,0,1,2,0
0,0,0,.264,.188,0,0,1,0,0,0,1,1,10.6,0
0,0,0,.3731,.2758,0,0,2,0,0,0,1,1,3.1,0
0,0,0,.2797,.2522,1,0,2,0,0,0,1,1,3.2,0
0,0,0,.4057,.3462,0,0,1,0,0,0,0,1,3.2,0
0,0,0,.44,.31,1,0,1,0,0,0,1,1,3.2,1
0,0,0,.2673,.1891,1,0,1,0,0,0,0,1,3.2,0
0,0,0,.41,.38,0,0,2,0,0,0,1,1,3.9,0
0,0,0,.2844,.2143,0,0,1,0,0,0,0,1,3.1,0
0,0,0,.3,.29,0,0,2,0,0,0,1,1,3.2,1
0,0,0,.27,.15,0,0,2,0,0,0,1,1,1.8,1
0,0,0,.3327,.3219,0,0,2,1,0,0,1,1,3.9,0
0,0,0,.3073,.2914,1,0,2,0,0,0,0,1,3.2,0
0,0,0,.3661,.249,1,0,2,0,0,0,0,1,1.8,0
0,0,0,.4391,.4261,0,0,1,0,0,0,1,1,3.6,1
0,0,0,.39,.39,0,0,1,0,0,0,1,1,1.8,0
1,0,0,.12,.12,0,0,2,1,0,0,1,1,1.8,0
0,0,0,.36,.32,0,0,1,0,0,0,0,1,3.2,0
1,0,0,.41,.13,1,0,1,1,0,0,0,1,8.9,0
0,0,0,.33,.27,0,0,1,0,0,0,1,1,3.2,0
0,0,0,.38,.34,0,0,2,0,0,1,0,0,10.6,0
0,0,0,.32,.32,0,0,2,0,0,0,1,1,3.2,0
1,0,0,.32,.24,1,0,2,1,0,1,1,1,3.2,0
0,0,0,.365,.262,0,0,2,0,0,0,1,1,3.9,1
0,0,0,.28,.25,0,0,1,0,0,0,0,1,3.2,0
0,0,0,.35,.19,0,0,1,0,0,0,0,1,2,1
0,0,0,.231,.083,0,0,1,0,0,0,0,1,5.3,0
0,0,0,.29,.13,0,0,1,0,0,1,0,1,1.8,0
0,0,0,.31,.29,0,0,2,0,0,0,0,1,3.2,0
0,0,0,.114,.074,0,0,1,0,0,0,0,1,4.3,0
0,0,0,.3,.298,0,0,1,0,0,0,0,1,3.1,0
0,0,0,.287,.276,0,0,2,0,0,1,1,1,10.6,0
1,0,0,.142,.088,1,0,4,0,0,1,0,1,4.3,0
0,0,0,.43,.32,1,0,2,0,0,0,0,1,3.2,0
0,0,0,.35,.25,1,0,2,0,0,0,0,1,3.9,0
0,0,0,.35,.27,0,0,2,0,0,0,1,1,3.6,0
0,0,0,.33,.32,1,0,2,0,0,0,1,1,3.2,0
0,0,0,.42,.34,1,0,2,0,0,0,0,1,4.3,0
0,0,0,.5,.32,0,1,2,0,0,0,1,1,3.9,1
0,0,0,.41,.29,0,0,2,0,0,0,0,1,3.1,0
1,0,0,.4,.16,0,1,1,0,0,0,1,1,10.6,0
0,0,0,.4,.24,0,1,1,0,0,0,1,1,2,1
0,0,0,.38,.37,0,0,2,0,0,0,1,1,2,0
0,0,0,.33,.32,1,0,2,0,0,0,1,1,3.2,1
0,0,0,.22,.21,1,0,2,0,0,0,1,1,3.2,1
0,0,0,.38,.33,0,0,1,1,0,0,0,1,2,0
0,0,0,.38,.33,0,0,2,0,0,0,0,1,3.2,0
0,0,0,.38,.33,1,0,1,0,0,0,0,1,3.1,0
0,0,0,.38,.33,0,0,4,0,0,0,1,1,4.3,0
0,0,0,.38,.28,1,0,2,0,0,0,0,1,4.3,0
0,0,0,.38,.33,0,0,1,0,0,1,0,1,4.3,0
1,0,0,.38,.33,0,0,1,0,0,0,0,1,4.3,0
0,1,0,.38,.33,0,0,2,0,0,0,0,1,3.2,0
0,0,0,.38,.33,0,0,1,0,0,0,0,1,4.3,0
0,0,0,.23,.2,0,0,2,0,0,0,0,1,3.2,0
0,0,0,.26,.26,0,0,2,0,0,0,0,1,4.3,0
0,0,0,.15,.15,0,0,2,0,0,0,0,1,3.2,1
0,0,0,.17,.14,0,0,1,0,0,0,0,1,3.2,0
0,0,0,.28,.28,0,0,1,0,0,0,0,1,3.2,0
1,0,0,.3,.3,1,0,2,0,0,0,1,1,3.9,0
0,0,0,.3,.22,0,0,1,0,0,0,1,1,3.2,1
0,0,0,.17,.16,0,0,1,0,0,0,1,1,2,0
0,0,0,.38,.21,1,0,2,0,0,0,1,1,3.9,0
1,0,0,.37,.31,1,0,2,0,0,0,0,1,3.2,0
1,0,0,1.21,.75,0,0,1,0,0,0,1,0,3.6,0
0,0,0,.35,.28,0,0,2,0,0,0,1,1,3.2,0
0,0,0,.577,.23,0,0,1,0,0,0,0,1,1.8,0
0,0,0,.37,.25,1,0,1,0,0,0,1,1,3.1,0
0,0,0,.367,.28,1,0,1,0,0,1,0,1,3.2,0
0,0,0,.487,.26,0,0,1,0,0,0,0,1,1.8,0
0,0,0,.399,.22,0,0,1,1,0,0,0,1,3.1,0
0,0,0,.362,.27,1,0,2,0,0,0,0,1,3.2,0
0,0,0,.42,.196,0,0,1,0,0,0,0,1,3.2,1
0,0,0,.431,.185,0,0,2,0,0,0,0,1,3.1,0
0,0,0,.36,.33,0,0,1,0,0,0,0,1,3.9,0
0,0,0,.37,.26,1,0,2,0,0,0,1,1,1.8,0
0,0,1,.27,.27,0,0,2,0,0,1,1,1,3.2,1
0,0,0,.34,.32,0,0,2,0,0,0,1,1,2,1
0,0,0,.3,.33,1,0,2,0,0,0,1,1,3.1,0
0,0,0,.38,.33,0,0,1,0,0,0,1,1,1.8,0
0,0,0,.38,.3,0,0,2,0,0,0,0,1,3.2,0
0,0,0,.32,.31,0,0,2,0,0,0,1,1,3.2,1
0,0,0,.25,.25,0,0,2,0,0,0,0,1,3.9,0
0,1,0,.27,.27,0,0,2,0,0,0,1,1,3.9,1
0,1,0,.15,.14,1,0,2,0,0,0,1,1,3.2,0
0,0,0,.4,.12,0,0,2,0,0,0,1,1,3.1,1
0,1,0,.36,.26,0,0,2,0,0,0,1,1,3.2,0
0,1,0,.36,.25,1,0,2,0,0,0,1,1,3.2,0
0,0,0,.36,.24,0,0,2,0,0,0,0,1,5.3,0
0,0,0,.32,.22,1,0,2,0,0,0,0,1,3.2,0
0,0,1,.33,.27,1,0,2,0,0,0,0,1,4.3,0
0,0,0,.38,.31,0,0,2,0,0,0,1,1,3.9,1
0,0,0,.27,.27,1,0,2,0,0,0,0,1,3.2,0
0,0,0,.3,.3,0,0,1,0,0,0,0,1,3.1,0
0,0,0,.33,.31,0,0,2,0,0,0,1,1,3.2,1
0,0,0,.28,.25,1,0,2,0,0,0,0,1,3.2,0
0,0,0,.29,.28,1,0,2,0,0,0,0,1,3.2,0
1,1,0,.34,.34,1,0,2,1,0,0,0,1,3.9,0
0,0,0,.32,.29,0,0,1,0,0,0,0,1,5.3,0
0,1,0,.31,.21,0,0,2,0,0,0,0,1,3.2,0
0,0,0,.39,.23,0,0,1,0,0,0,1,1,3.6,1
0,0,0,.3204,.2699,0,0,2,1,0,1,0,1,3.2,1
0,0,0,.3669,.2583,0,0,2,0,0,1,0,1,4.3,0
0,0,0,.4099,.2039,0,0,2,0,0,1,0,1,4.3,0
0,0,0,.26,.22,1,0,2,0,0,0,0,1,3.9,0
0,1,0,.39,.27,0,0,2,0,0,0,1,1,3.2,1
0,1,0,.1062,.028,0,0,2,0,0,0,1,1,2,1
0,0,0,.32,.31,1,0,2,0,0,0,0,1,5.3,1
0,0,0,.36,.36,0,0,1,0,0,0,0,1,4.3,0
0,1,0,.38,.29,1,0,2,0,0,0,0,1,3.2,0
0,0,0,.28,.24,0,0,2,0,0,1,0,1,3.2,0
0,0,0,.38,.28,1,0,2,0,0,0,0,1,3.1,0
1,0,0,.31,.26,0,0,2,0,0,1,1,1,3.2,0
0,1,0,.393,.175,0,0,1,0,0,0,0,1,4.3,0
0,0,0,.36,.35,1,0,2,0,0,0,0,1,3.1,0
0,0,0,.35,.3,1,0,2,0,0,0,1,1,4.3,1
0,0,0,.16,.14,0,0,3,0,0,1,0,1,3.2,1
0,0,0,.33,.32,0,0,2,0,0,0,1,1,3.1,0
1,0,0,.39,.27,1,0,2,1,0,0,1,1,3.1,1
0,0,1,.4,.3,0,0,1,1,0,0,1,1,1.8,1
0,0,0,.26,.21,0,0,1,0,0,0,0,1,3.2,0
0,0,0,.36,.28,0,0,2,0,0,0,0,1,8.9,0
0,0,0,.34,.29,0,0,2,0,0,0,0,1,3.9,0
0,0,0,.36,.28,0,0,1,1,0,0,0,1,2,0
0,0,0,.33,.25,0,0,2,0,0,0,1,1,3.2,0
0,0,0,.36,.28,0,0,1,1,0,0,0,1,3.2,0
0,0,0,.37,.36,0,0,2,0,0,0,0,1,3.1,1
0,0,0,.22,.15,0,0,2,0,0,0,0,1,1.8,1
0,0,0,.34,.26,0,0,1,0,0,0,0,1,2,0
0,0,0,.34,.25,0,0,1,0,0,0,0,1,5.3,0
0,0,1,.36,.28,1,0,2,0,0,0,0,1,5.3,0
1,0,0,.47,.39,0,0,2,0,0,0,1,1,4.3,0
0,0,0,.4,.31,1,0,2,0,0,0,0,1,3.2,1
0,0,0,.1,.06,0,0,1,0,0,1,0,1,3.2,1
0,0,0,.4,.29,1,0,2,0,0,0,1,1,3.2,1
0,0,0,.28,.28,0,0,1,0,0,0,0,1,3.2,0
0,0,0,.36,.29,1,0,2,1,0,0,0,1,1.8,0
0,1,0,.39,.34,1,0,2,0,0,0,1,1,3.2,0
0,0,0,.22,.17,0,0,1,0,0,0,1,1,3.2,0
0,0,0,.36,.22,1,0,2,0,0,0,1,1,4.3,1
0,0,0,.34,.23,1,0,1,0,0,0,0,1,3.2,0
0,0,0,.32,.24,1,0,2,0,0,0,1,1,3.2,0
0,0,0,.39,.36,1,0,1,1,0,0,0,1,3.1,0
1,0,0,.31,.29,0,0,2,0,0,0,1,1,3.2,0
0,0,0,.37,.3,0,0,1,0,0,0,0,1,3.2,0
0,0,0,.42,.34,1,0,1,0,0,0,0,1,5.3,0
0,1,0,.27,.21,1,0,2,1,0,0,0,1,3.2,1
0,0,0,.37,.29,1,0,1,0,0,0,1,1,3.1,0
0,0,0,.32,.23,0,0,2,0,0,0,1,1,1.8,0
0,1,0,.29,.27,1,0,2,0,0,1,1,1,3.2,0
0,0,0,.37,.24,1,0,2,0,0,0,0,1,10.6,0
0,0,0,.36,.33,0,0,2,0,0,0,1,1,1.8,1
0,1,0,.27,.25,1,0,1,0,0,0,1,1,1.8,0
0,0,0,.36,.24,0,0,1,1,0,0,0,1,4.3,0
0,0,0,.33,.16,1,0,2,0,0,0,0,1,1.8,1
1,0,0,.29,.29,0,0,1,0,0,1,1,1,8.9,0
1,0,0,.26,.26,0,0,2,0,0,0,0,1,10.6,0
0,1,0,.29,.21,1,0,2,0,0,0,0,1,2,0
0,0,0,.32,.14,0,0,1,0,0,0,0,1,1.8,1
0,0,0,.21,.17,0,0,1,0,0,0,0,1,3.1,0
0,0,0,.32,.19,0,0,1,0,0,0,1,1,3.6,0
0,0,0,.29,.24,0,0,1,0,0,0,0,1,1.8,0
0,0,0,.36,.32,1,0,2,0,0,0,1,1,3.2,1
0,0,0,.36,.31,0,0,1,0,0,0,0,1,3.1,0
0,0,0,.22,.22,0,0,2,0,0,0,1,1,3.2,0
0,0,0,.25,.25,0,0,1,0,0,0,0,1,3.2,0
0,0,0,.35,.24,0,0,2,0,0,0,1,1,2,1
0,0,0,.26,.21,1,0,2,0,0,0,1,1,3.2,0
0,0,0,.33,.25,0,0,2,0,0,1,1,1,3.2,0
0,0,0,.31,.26,1,0,2,1,0,0,0,1,3.2,0
0,0,0,.34,.24,0,0,1,0,0,0,0,1,10.6,0
0,0,0,.3,.22,0,0,1,0,0,0,0,1,3.1,0
0,0,0,.35,.27,1,0,1,0,0,0,1,1,1.8,0
0,0,0,.33,.28,0,0,1,0,0,0,0,1,3.9,0
0,0,0,.39,.34,1,0,1,0,0,0,0,1,2,0
0,0,0,.36,.25,1,0,2,1,0,0,1,1,10.6,0
0,0,0,.28,.27,0,0,1,0,0,0,0,1,3.9,1
0,0,0,.26,.22,1,0,2,0,0,0,1,1,3.2,1
0,1,0,.35,.29,1,0,2,1,0,0,1,1,2,0
0,0,0,.29,.29,0,0,2,0,0,0,0,1,3.6,0
0,0,0,.34,.33,0,0,2,0,0,0,0,1,3.2,0
0,0,0,.3,.29,0,0,2,0,0,0,0,1,3.9,0
0,0,0,.25,.24,0,0,2,0,0,0,1,1,3.1,1
0,0,0,.28,.28,0,0,1,0,0,0,0,1,3.2,0
0,1,0,.34,.25,1,0,2,0,0,1,1,1,3.2,0
0,0,0,.36,.28,1,0,2,0,0,0,1,1,5.3,0
0,0,0,.35,.3,1,0,2,1,0,0,1,1,3.1,0
0,0,0,.31,.29,0,0,1,0,0,0,0,1,5.3,0
0,0,0,.26,.24,0,0,1,1,0,0,0,1,3.9,0
0,0,0,.27,.24,0,1,2,0,0,0,0,1,3.2,0
0,1,0,.32,.18,0,0,1,0,0,0,0,1,3.9,0
0,0,0,.39,.25,1,0,2,0,0,0,1,1,3.2,0
0,0,0,.31,.28,0,0,2,0,0,0,1,1,3.1,0
0,0,0,.38,.31,1,0,1,0,0,0,0,1,3.2,0
0,0,0,.27,.27,0,0,2,0,0,0,0,1,3.2,1
0,0,0,.27,.22,1,0,2,0,0,0,0,1,3.1,0
0,0,0,.33,.19,1,0,2,1,0,0,0,1,10.6,0
0,0,0,.23,.16,1,0,1,0,0,1,1,1,3.2,0
0,0,0,.33,.3,1,0,1,0,0,0,0,1,3.1,0
0,0,0,.24,.18,0,0,1,0,0,0,0,1,10.6,0
0,0,1,.36,.31,0,0,1,1,0,0,0,1,3.1,0
0,0,0,.3,.27,0,0,2,0,0,0,1,1,3.2,1
0,0,0,.37,.33,0,0,2,0,0,0,0,1,3.2,0
0,0,0,.35,.29,1,0,2,1,0,0,1,1,3.9,1
0,0,0,.3,.29,0,0,2,0,0,0,0,1,3.2,0
1,0,0,.69,.26,0,0,3,0,0,0,1,1,10.6,0
0,1,0,.31,.26,1,0,2,0,0,1,0,1,3.9,0
0,0,0,.24,.2,0,0,2,0,0,1,0,1,3.2,0
0,0,0,.25,.24,0,0,2,0,0,0,0,1,3.2,0
0,0,0,.27,.26,0,0,2,0,0,0,1,1,3.2,1
0,0,0,.29,.24,0,0,2,0,0,0,1,1,1.8,1
0,0,0,.34,.22,1,0,2,0,0,0,0,1,3.2,1
0,0,0,.33,.21,1,0,2,0,0,0,0,1,3.2,1
0,0,1,.32,.31,1,0,2,0,0,0,1,1,1.8,1
0,0,0,.5,.41,0,0,2,0,0,0,1,1,3.2,1
0,0,0,.42,.36,1,0,2,0,0,0,1,1,1.8,1
0,0,0,.32,.25,1,0,2,0,0,0,0,1,4.3,1
0,0,0,.44,.44,0,0,1,0,0,0,0,1,3.6,1
0,1,0,.38,.18,0,0,1,0,0,0,1,1,3.9,1
0,0,0,.34,.16,0,0,2,0,0,0,1,1,3.2,1
0,1,0,.3,.06,0,0,2,0,0,0,0,1,3.2,1
0,1,0,.34,.31,1,0,2,0,0,0,0,1,10.6,0
0,1,0,.39,.24,0,0,2,0,0,0,1,1,3.2,1
0,0,0,.28,.22,1,0,2,0,0,1,0,1,3.9,0
0,0,0,.32,.31,0,0,2,0,0,0,1,1,3.9,1
0,0,0,.41,.32,0,0,2,0,0,0,0,1,3.2,0
0,0,0,.47,.35,0,0,2,0,0,0,0,1,10.6,1
0,1,0,.35,.22,1,0,1,0,0,0,0,1,3.2,0
0,1,0,.35,.31,0,0,2,0,0,0,1,1,3.2,1
0,1,0,.34,.31,1,0,2,0,0,0,1,1,3.1,0
0,0,0,.32,.21,1,0,2,0,0,0,0,1,1.8,0
0,0,0,.26,.2,1,0,1,0,0,0,1,1,3.6,0
0,0,0,.29,.23,0,0,2,0,0,0,0,1,10.6,0
0,1,0,.32,.27,0,0,2,0,0,0,1,1,3.2,1
0,0,0,.25,.25,1,0,2,0,0,0,1,1,1.8,1
0,0,0,.34,.26,0,0,1,0,0,1,0,1,3.2,0
0,0,0,.36,.27,0,0,2,0,0,0,1,1,3.2,0
0,0,0,.32,.28,0,0,1,0,0,0,0,1,5.3,0
0,0,0,.1,.1,0,0,2,0,0,0,1,1,3.6,0
0,0,0,.33,.21,0,0,2,0,0,0,1,1,3.2,0
0,1,0,.25,.2,0,0,2,0,0,0,1,1,3.2,0
0,0,1,.32,.23,1,0,2,0,0,0,0,1,4.3,0
0,0,0,.25,.24,0,0,2,0,0,0,1,1,3.6,1
0,0,0,.25,.24,0,0,2,0,0,0,1,1,3.2,0
0,0,0,.27,.18,0,0,2,0,0,0,0,1,3.2,0
0,0,0,.25,.23,0,0,2,0,0,0,1,1,5.3,0
0,0,0,.23,.19,0,0,2,0,0,1,0,1,10.6,0
0,0,0,.19,.16,0,0,2,0,0,0,1,1,3.6,1
0,0,0,.25,.22,0,1,3,0,0,1,0,1,10.6,0
0,0,0,.36,.29,0,0,2,0,0,0,1,1,3.2,0
0,0,0,.11,.06,0,0,1,0,0,0,0,1,3.2,0
0,0,0,.26,.24,0,0,2,0,0,0,1,1,3.1,0
0,0,0,.18,.1,1,0,1,0,0,0,0,1,3.6,1
0,0,0,.34,.25,1,0,1,0,0,0,0,1,3.6,1
0,0,0,.36,.15,0,0,2,0,0,0,1,1,3.6,1
0,0,0,.26,.24,1,0,2,0,0,0,1,1,3.6,1
0,0,0,.38,0,0,0,2,0,0,0,1,1,3.6,1
0,0,0,.4,.26,0,0,1,0,0,0,0,0,10.6,0
0,0,0,.3,.28,1,0,2,0,0,0,1,1,3.6,1
0,0,0,.22,.13,0,0,1,0,0,1,0,1,3.6,1
0,0,0,.19,.1,0,0,1,0,0,0,0,1,3.6,1
0,0,0,.39,.32,1,0,2,0,0,0,1,1,3.6,1
0,0,0,.27,.21,0,0,2,0,0,0,1,1,3.2,0
0,0,0,.36,.25,1,0,2,0,0,0,1,1,3.6,1
0,0,0,.27,.2,0,0,1,0,0,0,0,1,3.6,1
0,0,1,.36,.23,0,0,2,0,0,0,1,1,3.9,0
0,0,0,.33,.25,1,0,2,0,0,0,1,1,1.8,0
0,1,0,.32,.32,0,0,2,0,0,0,1,1,3.9,0
0,0,0,.4,.26,0,0,1,1,0,0,0,1,10.6,1
0,0,0,.36,.28,0,0,1,0,0,0,0,1,4.3,1
0,0,1,.36,.27,0,0,1,0,0,0,0,0,1.8,0
0,0,0,.31,.27,0,0,1,0,0,0,0,1,1.8,0
0,0,0,.1,.04,0,0,2,0,0,0,0,1,1.8,0
0,0,0,.27,.08,0,0,1,0,0,0,1,1,1.8,1
0,0,0,.26,.18,1,0,2,0,0,0,0,1,10.6,0
0,0,0,.27,.26,0,0,1,0,0,0,1,1,1.8,1
0,0,0,.33,.27,0,0,2,0,0,0,0,1,3.2,0
0,0,0,.37,.27,0,0,2,0,0,0,1,1,3.1,0
0,0,0,.39,.31,1,0,2,0,0,0,0,1,10.6,0
0,0,1,.33,.23,1,0,2,0,0,0,1,1,1.8,0
0,0,0,.34,.27,1,0,2,0,0,0,1,1,3.9,0
0,0,0,.36,.24,1,0,2,0,0,1,1,1,4.3,0
0,1,0,.39,.12,1,0,2,1,0,0,0,1,5.3,0
0,0,1,.39,.32,0,1,2,0,0,0,1,1,2,0
0,1,0,.39,.2,1,0,1,0,0,0,1,1,3.2,0
0,0,0,.37,.27,1,0,2,0,0,0,0,1,1.8,0
0,1,0,.27,.16,0,1,2,0,0,0,1,1,3.2,0
0,0,1,.34,.29,0,0,3,0,0,1,1,1,3.2,0
0,0,0,.32,.25,0,0,1,0,0,1,0,1,4.3,0
0,0,1,.15,.12,0,0,2,0,0,1,1,1,10.6,0
0,0,0,.38,.25,0,0,1,0,0,0,0,1,3.6,1
0,0,0,.23,.09,0,0,2,0,0,1,1,1,3.2,0
0,0,1,.32,.15,0,0,2,0,0,0,0,1,4.3,0
0,0,0,.37,.29,0,0,1,0,0,0,0,1,3.1,1
0,0,0,.34,.27,1,0,2,0,0,0,1,1,3.2,0
0,0,0,.39,.33,0,0,1,0,0,0,0,1,3.2,1
0,0,0,.31,.3,0,0,2,0,0,0,0,1,3.2,0
0,0,0,.35,.26,1,0,2,0,0,0,0,1,4.3,0
0,0,0,.3,.3,0,0,2,0,0,0,0,1,3.1,0
0,0,0,.27,.26,1,0,2,0,0,0,1,1,3.2,1
0,0,0,.38,.34,1,0,2,0,0,0,1,1,3.2,0
0,1,0,.25,.25,0,0,2,0,0,0,0,1,3.6,0
0,0,0,.37,.23,1,0,1,0,0,0,0,1,3.2,0
0,0,0,.34,.24,0,0,1,1,0,1,0,1,3.2,0
0,0,0,.36,.3,1,0,2,0,0,0,0,1,4.3,0
0,1,0,.33,.29,1,0,2,0,0,0,1,1,3.2,1
0,0,0,.32,.28,0,0,2,0,0,0,0,1,3.2,0
0,1,0,.38,.27,1,0,2,0,0,0,0,1,3.2,0
0,1,0,.38,.29,1,0,2,0,0,0,0,1,2,1
0,1,0,.24,.18,1,0,2,0,0,0,1,1,3.9,0
0,1,0,.31,.31,0,0,2,0,0,0,1,1,3.2,1
0,0,0,.3,.14,0,0,2,0,0,0,1,1,1.8,0
0,0,0,.28,.28,0,0,2,0,0,1,1,1,3.2,0
0,1,0,.31,.27,0,0,1,0,0,1,0,1,3.9,0
0,0,0,.31,.19,1,0,2,0,0,0,0,1,3.2,0
0,1,0,.38,.32,1,0,2,0,0,0,1,1,2,0
0,0,0,.34,.3,1,0,2,0,0,0,0,1,3.1,0
0,0,1,.3,.21,1,0,2,1,0,0,1,1,3.2,0
0,0,0,.27,.2,0,0,2,0,0,0,1,1,3.9,1
0,1,0,.28,.24,0,0,2,0,0,0,1,1,3.2,1
0,0,0,.24,.21,0,0,2,0,0,1,1,1,3.2,0
0,0,0,.28,.2,0,0,2,0,0,0,1,1,3.2,0
0,0,0,.31,.29,1,0,2,0,0,0,1,1,1.8,0
0,0,0,.31,.29,0,0,2,0,0,0,1,1,2,0
0,0,0,.21,.17,0,0,2,0,0,0,1,1,3.9,1
0,0,0,.34,.18,0,0,2,0,0,1,1,1,10.6,0
0,0,0,.2,.2,0,0,2,0,0,0,1,0,3.6,0
0,1,0,.32,.28,0,0,1,0,0,0,1,1,1.8,1
0,0,0,.4,.35,1,0,2,0,0,0,0,1,3.2,0
0,0,0,.31,.22,1,0,2,0,0,0,0,1,2,0
0,0,0,.28,.27,0,0,2,0,0,0,1,1,3.1,1
0,0,0,.31,.25,0,0,2,0,0,0,0,1,1.8,1
0,0,0,.31,.3,0,0,2,0,0,0,0,1,3.2,0
0,0,0,.35,0,0,0,2,0,0,0,1,1,3.2,0
0,0,0,.37,.28,1,0,2,0,0,0,0,1,3.1,0
0,0,0,.32,.26,0,0,2,0,0,1,0,1,3.2,0
0,0,0,.34,.3,0,0,1,0,0,0,0,1,3.1,0
0,1,0,.34,.32,1,0,1,0,0,0,0,1,3.2,0
0,0,1,.24,.23,0,0,2,0,0,0,1,1,3.2,1
0,0,0,.33,.21,0,0,2,1,0,0,0,1,3.2,1
0,1,0,.22,.2,0,0,2,0,0,0,0,1,4.3,1
0,0,0,.43,.26,1,0,1,0,0,0,0,1,3.2,0
0,0,1,.34,.27,0,0,2,0,0,0,1,0,3.2,1
0,0,0,.37,.27,0,0,2,0,0,0,1,1,10.6,1
0,0,0,.49,.34,0,0,2,0,0,0,0,1,3.2,0
0,1,0,.36,.24,0,0,2,0,0,0,1,1,3.1,0
0,0,0,.36,.22,0,0,2,0,0,0,0,1,3.1,1
0,0,0,.34,.29,0,0,2,0,0,0,1,1,3.1,0
0,1,0,.33,.3,1,0,2,0,0,0,1,1,3.2,1
0,1,0,.28,.24,0,0,2,0,0,0,1,1,3.2,1
0,0,0,.33,.3,0,0,2,0,0,0,1,1,3.2,0
0,0,1,.33,.24,1,0,2,0,0,0,0,1,2,0
0,0,0,.33,.31,0,0,2,0,0,0,1,1,4.3,1
0,0,0,.36,.23,0,0,2,0,0,0,0,1,3.2,0
0,0,0,.35,.31,0,0,2,0,0,0,0,1,3.9,0
0,1,0,.37,.27,0,0,2,0,0,0,1,1,3.2,1
0,0,0,.32,.25,0,0,1,0,0,0,0,1,3.2,0
0,0,0,.38,.11,0,0,1,0,0,0,1,1,3.6,0
0,0,0,.29,.27,0,0,2,0,0,0,1,1,2,1
0,0,0,.27,.2,0,0,2,0,0,0,0,1,3.2,0
0,0,0,.39,.27,0,0,2,0,0,0,0,1,3.2,0
0,1,0,.35,.27,0,0,1,0,0,0,1,1,3.2,0
0,1,0,.42,.32,1,0,2,0,0,0,1,1,1.8,1
0,0,0,.31,.2,1,0,2,0,0,0,1,1,3.2,1
0,1,0,.35,.26,1,0,2,0,0,0,1,0,3.2,1
0,1,0,.29,.27,0,0,2,0,0,0,0,0,3.2,1
0,0,0,.29,.29,0,0,2,0,0,0,0,1,3.1,1
0,0,0,.36,.27,0,0,2,0,0,0,1,1,1.8,0
0,0,0,.28,.25,0,0,2,0,0,0,0,1,3.9,0
0,0,0,.33,.25,0,0,2,0,0,0,0,1,5.3,1
0,0,0,.43,.3,1,0,2,0,0,0,1,1,2,0
0,0,0,.31,.29,1,0,2,0,0,0,0,1,3.2,0
0,0,0,.26,.26,0,0,1,0,0,0,1,1,3.2,1
0,1,0,.34,.23,0,0,2,0,0,0,0,1,3.2,1
0,0,0,.49,.12,0,0,1,0,0,0,0,1,1.8,0
0,0,0,.3,.15,0,0,2,0,0,0,1,1,3.2,1
0,0,0,.28,.18,0,0,2,0,0,1,0,1,3.6,0
0,0,0,.33,.33,0,0,2,0,0,0,1,1,4.3,1
0,0,0,.31,.31,0,0,2,0,0,0,1,1,3.6,1
0,1,0,.45,.28,0,0,2,0,0,0,1,1,3.2,1
0,1,0,.23,.23,0,0,2,0,0,0,0,0,3.2,1
0,0,0,.11,.06,0,0,2,0,0,1,0,1,8.9,0
0,0,0,.37,.28,0,0,2,0,0,0,1,1,4.3,1
0,0,0,.24,.19,0,0,2,0,0,1,1,1,1.8,1
0,0,0,.19,.13,0,0,2,0,0,0,0,1,4.3,0
0,1,0,.36,0,0,0,2,0,0,0,0,1,3.6,0
0,0,0,.11,.11,0,0,2,0,0,0,1,1,3.2,0
0,0,0,.26,.15,0,0,1,0,0,0,1,1,3.2,0
0,0,0,.33,.32,0,0,1,0,0,0,0,1,1.8,0
0,0,0,.27,.19,0,0,1,0,0,0,0,1,3.1,0
0,0,0,.28,.28,0,0,1,0,0,1,0,1,3.2,0
0,0,0,.37,.18,0,0,2,0,0,0,0,1,3.2,0
0,0,0,.28,.18,0,0,1,0,0,1,0,1,3.2,1
0,0,0,.42,.29,0,0,2,0,0,0,1,1,3.2,1
0,0,0,.39,.28,0,0,1,0,0,0,0,1,3.2,0
0,0,1,.33,.29,0,0,2,0,0,0,0,1,1.8,1
0,0,0,.26,.2,0,0,1,0,0,0,0,1,10.6,1
0,0,0,.33,.32,0,0,1,0,0,0,0,1,3.2,0
0,0,0,.36,.22,1,0,2,1,0,0,0,1,3.2,0
0,0,1,.27,.26,1,0,2,0,0,0,1,1,3.2,0
0,0,0,.24,.16,0,0,2,0,0,0,0,1,3.2,0
0,0,0,.33,.31,0,0,2,0,0,0,1,1,3.2,0
0,0,0,.47,.27,0,0,2,0,0,1,0,1,3.2,0
0,0,0,.57,.38,0,0,1,0,0,1,1,1,3.2,0
0,0,0,.36,.29,0,0,2,0,0,0,1,1,4.3,0
0,0,1,.31,.26,1,0,2,0,0,0,0,1,3.6,0
0,1,0,.35,.31,0,0,2,0,0,0,1,1,3.2,1
0,0,0,.2,.18,0,0,2,0,0,1,1,1,1.8,1
0,0,0,.11,.1,0,0,1,0,0,1,0,1,3.2,0
0,0,0,.37,.25,1,0,2,0,0,0,0,1,3.1,0
0,0,0,.16,.11,0,0,2,0,0,0,1,1,10.6,1
0,1,0,.3,.24,0,0,2,0,0,0,1,1,3.9,1
0,0,0,.34,.28,1,0,2,0,0,0,1,1,3.2,0
0,0,0,.35,.26,0,0,2,0,0,1,0,1,3.6,1
0,1,0,.32,.29,0,0,2,0,0,0,1,1,3.2,1
0,0,0,.33,.27,0,0,2,0,0,0,0,1,3.2,1
0,0,0,.13,.1,0,0,2,0,0,0,0,1,1.8,0
0,1,0,.31,.19,1,0,2,0,0,0,0,1,1.8,0
0,0,0,.27,.24,1,0,2,0,0,0,0,1,1.8,0
0,0,0,.56,.3,0,0,1,0,0,1,1,1,3.2,0
0,1,0,.31,.28,0,0,2,0,0,0,1,1,3.2,0
0,0,0,.28,.25,1,0,2,0,0,0,0,1,1.8,0
0,0,0,.31,.3,0,0,1,0,0,0,1,1,3.2,0
0,1,0,.34,.3,1,0,2,0,0,0,1,1,1.8,1
0,1,0,.28,.23,0,0,2,1,0,0,0,1,3.2,1
0,0,0,.37,.29,0,0,2,0,0,0,0,1,3.9,1
0,1,0,.31,.29,0,0,2,0,0,0,1,1,3.2,1
0,0,0,.32,.32,0,0,2,0,0,0,1,0,3.2,1
0,0,0,.33,.26,1,0,2,0,0,0,1,1,4.3,0
0,0,0,.25,.02,1,0,2,0,0,0,0,1,3.1,1
0,1,0,.1,.09,1,0,2,0,0,0,1,0,3.2,0
0,0,0,.47,.26,0,0,2,0,0,0,0,1,3.2,0
0,0,0,.26,.14,1,0,2,0,0,0,0,1,3.2,1
0,0,0,.32,.31,0,0,2,0,0,0,0,1,1.8,0
0,0,0,.39,.32,1,0,2,0,0,0,1,1,3.2,0
0,1,0,.32,.28,1,0,2,0,0,0,1,1,1.8,1
0,0,0,.25,.18,0,0,1,0,0,0,0,1,1.8,0
0,0,0,.11,.09,0,0,2,0,0,0,0,1,1.8,1
0,0,0,.27,.25,0,0,2,0,0,0,1,1,3.2,1
0,0,0,.31,.3,0,0,2,0,0,0,1,1,3.2,1
0,0,1,.31,.29,1,0,2,0,0,0,0,1,4.3,1
0,0,1,.38,.27,0,0,2,0,0,0,0,0,5.3,0
0,0,1,.27,.26,1,0,2,0,0,0,0,0,3.1,1
0,0,0,.36,.31,1,0,2,0,0,0,1,1,10.6,0
0,0,0,.24,.08,0,0,2,0,0,0,0,1,3.1,1
0,0,1,.32,.27,0,0,2,0,0,0,1,1,3.2,1
0,0,0,.36,.33,0,0,2,0,0,0,1,1,3.2,1
0,0,0,.39,.3,0,0,1,0,0,0,0,1,3.1,0
0,0,0,.35,.25,1,0,2,0,0,0,1,1,3.9,0
0,1,0,.33,.3,0,0,2,0,0,0,1,1,3.2,1
0,0,0,.34,.28,0,0,2,0,0,0,1,1,3.2,0
0,0,0,.51,.5,0,0,1,0,0,0,1,1,3.2,0
0,0,0,.21,.21,1,0,2,0,0,0,1,1,2,0
0,1,0,.25,.23,1,0,2,0,0,0,0,1,3.2,0
0,0,0,.3,.3,0,0,2,0,0,0,0,1,3.9,0
0,0,0,.24,.22,0,0,2,0,0,0,0,1,3.1,1
0,1,0,.3,.28,0,1,2,0,0,0,1,1,3.2,1
0,0,1,.32,.32,0,0,2,0,0,0,0,1,3.2,0
0,0,0,.35,.18,0,0,1,1,0,0,1,1,4.3,0
0,0,0,.23,.23,0,0,2,0,0,0,1,1,3.2,1
0,0,0,.23,.21,0,0,2,0,0,0,1,1,3.1,1
0,0,0,.36,.24,1,0,2,0,0,0,0,1,2,0
0,0,1,.19,.14,1,0,1,0,0,0,1,1,4.3,1
0,0,0,.28,.28,0,0,2,0,0,0,0,1,3.2,0
0,0,0,.33,.17,0,0,1,0,0,0,1,1,10.6,0
0,0,0,.31,.26,0,0,2,0,0,0,0,1,3.1,0
0,0,0,.04,.04,0,0,1,0,0,0,1,1,10.6,1
0,0,0,.35,.34,0,0,1,0,0,0,0,1,3.2,0
0,0,0,.22,.17,0,0,1,0,0,1,1,1,3.2,1
0,0,0,.26,.25,0,0,2,0,0,0,0,1,3.2,0
0,1,0,.35,.23,1,0,2,0,0,0,0,1,3.2,0
0,0,0,.29,.23,1,0,3,0,0,1,0,1,3.9,1
0,0,0,.31,.26,0,0,2,0,0,0,1,1,1.8,1
0,1,0,.33,.2,1,0,2,1,0,0,1,1,10.6,0
0,0,0,.32,.17,0,0,1,1,0,0,1,1,4.3,0
0,1,0,.25,.25,0,0,2,0,0,0,1,1,3.2,0
0,0,0,.38,.12,0,0,3,0,0,0,1,1,3.2,1
0,0,0,.34,.25,1,0,1,0,0,0,0,1,3.1,0
0,0,0,.34,.31,0,0,1,0,0,0,0,1,1.8,0
0,0,0,.29,.29,0,0,1,0,0,0,1,1,3.2,0
0,0,0,.31,.27,1,0,2,0,0,0,1,1,3.2,0
0,0,0,.22,.21,0,0,1,0,0,0,0,1,1.8,0
0,0,0,.34,.28,0,0,2,0,0,0,1,1,1.8,1
0,0,0,.31,.15,0,0,1,0,0,0,1,1,4.3,1
0,0,0,.31,.24,0,0,1,0,0,0,0,1,3.1,0
0,0,0,.23,.23,0,0,2,0,0,0,0,1,3.6,1
1,0,0,.47,.11,1,0,1,0,1,1,0,1,3.2,0
1,0,0,.42,.3,1,0,2,1,0,0,1,1,3.9,1
1,0,1,.59,.4,1,0,2,0,0,0,1,1,2,1
1,0,1,.39,.31,0,0,2,1,0,0,1,1,3.2,0
1,0,1,.39,.16,1,0,1,0,0,0,0,1,4.3,0
1,1,0,.39,.33,1,0,2,0,0,0,0,1,4.3,1
1,0,1,1.11,.73,0,1,2,1,0,0,1,1,2,1
1,0,0,.42,.28,1,0,2,0,1,0,1,1,3.2,1
1,0,0,.38,.27,1,0,1,0,0,0,0,1,3.2,0
1,1,0,.39,.28,0,0,2,0,0,0,1,1,3.2,1
1,0,0,.33,.2,1,0,1,0,0,0,1,1,4.3,1
1,0,1,.36,.25,0,0,2,0,0,0,0,1,3.2,1
1,0,0,.28,.23,0,0,1,0,0,1,1,1,3.2,1
1,0,0,.52,.31,0,0,2,0,0,0,0,1,2,1
1,0,0,.07,.02,0,0,2,0,0,0,0,1,3.6,1
1,0,1,.33,.19,0,1,2,0,1,0,0,0,3.1,0
1,1,0,.44,.27,1,0,2,1,0,0,1,1,3.2,0
1,0,0,.36,.27,1,0,2,0,0,0,0,1,4.3,1
1,1,0,.38,.26,1,0,2,0,0,0,0,1,3.2,0
1,1,0,.53,.26,1,0,2,0,0,0,1,1,3.2,0
1,0,0,.18,.18,1,0,2,0,0,0,1,1,4.3,0
1,0,1,.37,.19,0,1,2,0,0,0,0,1,3.2,1
1,0,0,.42,.28,0,0,2,0,1,0,1,1,3.6,1
1,0,1,.42,.4,1,0,2,0,0,0,0,1,3.9,0
1,1,0,.44,.28,0,0,2,0,0,0,1,1,3.9,1
1,0,0,.46,.43,1,0,2,0,0,1,0,1,10.6,0
1,1,0,.31,.05,1,0,2,0,0,0,0,1,3.2,0
1,1,0,.45,.32,1,0,2,1,0,0,1,1,3.2,0
1,0,1,.59,.34,0,0,2,0,0,0,0,1,4.3,1
1,1,0,.42,.23,1,0,2,0,0,0,1,1,10.6,0
1,1,0,.47,.33,0,1,2,1,0,0,0,1,1.8,0
1,1,0,.38,.28,1,0,2,1,0,0,0,1,2,1
1,0,0,.48,.34,1,0,2,0,0,0,0,1,3.9,0
1,0,0,.28,.27,0,0,2,0,0,0,0,1,3.1,0
1,1,0,.37,.34,0,0,2,0,0,0,0,0,3.2,1
1,1,0,.37,.2,0,0,1,0,0,0,1,1,3.2,0
1,0,0,.65,.4,1,0,2,0,0,1,1,1,4.3,0
1,1,0,.35,.27,1,0,2,1,1,0,1,1,3.9,0
1,1,0,.4,.37,1,0,2,1,0,0,0,1,3.9,0
1,1,0,.39,.27,1,0,2,0,0,1,1,1,4.3,0
1,0,0,.14,.14,1,0,2,0,1,1,1,1,10.6,0
1,1,0,.25,.16,0,1,2,1,0,0,1,1,3.2,0
1,0,0,.36,.16,1,0,2,0,0,1,1,1,1.8,1
1,0,1,.36,.29,1,0,2,0,0,0,0,1,3.2,0
1,1,0,.34,.27,1,0,2,0,0,0,0,1,3.2,0
1,1,0,.45,.27,1,0,2,1,0,0,0,1,4.3,0
1,0,0,.4,.31,1,0,2,0,0,1,0,1,3.2,0
1,0,1,.39,.39,1,0,2,1,0,0,0,1,2,0
1,1,0,.28,.28,0,0,2,1,1,0,1,1,2,0
1,1,0,.38,.27,0,1,2,0,0,0,0,1,3.2,1
1,1,0,.38,.29,1,0,2,0,1,0,0,1,3.2,0
1,1,0,.18,.06,1,0,4,1,0,0,0,1,3.2,0
1,0,0,.38,.26,1,0,1,1,0,0,0,1,3.2,0
1,0,0,.37,.27,1,0,1,0,0,0,1,1,4.3,1
1,0,0,.16,.13,0,1,2,1,0,1,1,1,3.2,1
1,0,0,.37,.31,1,0,2,0,1,0,1,1,10.6,0
1,0,0,.2,.15,0,0,2,0,0,0,0,1,1.8,0
1,0,0,.32,.24,0,1,2,0,1,0,1,1,3.2,0
0,0,0,.32,.26,0,0,2,0,0,0,1,1,4.3,0
0,0,0,.36,.26,1,0,2,0,0,0,1,1,3.9,0
0,0,0,.34,.27,1,0,2,0,0,0,0,1,3.9,0
0,0,0,.34,.21,1,0,2,0,0,0,1,1,3.2,0
0,0,0,.3,.27,1,0,2,0,0,0,0,1,4.3,0
0,0,0,.36,.26,1,0,1,0,0,0,0,1,3.9,0
0,0,0,.19,.19,0,0,2,0,0,1,0,1,1.8,0
0,0,0,.34,.25,1,0,2,0,0,0,1,1,3.1,0
0,0,0,.23,.21,0,0,2,0,0,0,1,1,1.8,0
0,0,0,.14,.14,0,0,1,0,0,0,0,1,3.1,0
0,0,0,.35,.21,0,0,2,0,0,0,0,1,2,0
1,0,0,.33,.27,1,0,2,0,1,0,0,1,3.2,0
0,0,0,.18,.17,0,0,2,0,0,0,1,1,3.2,0
0,0,0,.26,.26,1,0,2,0,0,0,1,1,3.2,0
1,0,0,.34,.34,1,0,2,0,0,0,0,0,3.9,0
0,0,0,.26,.24,0,0,2,0,0,0,1,1,10.6,1
0,0,0,.26,.26,0,0,2,0,0,0,1,1,4.3,1
0,0,0,.22,.21,0,0,1,0,0,0,0,1,3.1,0
0,0,0,.29,.23,0,0,1,0,0,0,0,1,3.2,0
0,0,0,.29,.16,0,0,2,0,0,0,1,1,3.1,0
0,0,0,.28,.21,0,0,2,0,0,1,0,1,3.2,0
0,0,0,.25,.22,0,0,2,0,0,1,0,1,3.2,0
0,0,0,.31,.27,0,0,2,0,0,0,1,1,3.1,0
0,0,0,.36,.27,0,0,2,0,0,0,1,1,3.2,0
0,0,0,.24,.22,1,0,2,0,0,0,0,1,3.2,0
0,0,0,.34,.25,0,0,2,0,0,1,0,1,3.2,0
0,0,0,.37,.21,0,0,1,0,0,0,0,1,3.1,0
1,0,0,.34,.29,1,0,2,0,1,0,0,1,3.9,0
0,0,0,.28,.28,0,0,1,0,0,0,0,1,3.9,0
0,0,0,.36,.25,0,0,2,0,0,0,0,1,3.2,0
0,0,0,.36,.22,1,0,2,0,0,0,0,1,3.9,1
0,0,0,.35,.23,1,0,2,0,0,0,0,1,3.2,0
0,0,0,.24,.12,0,0,2,0,0,0,0,1,3.2,1
0,0,0,.38,.28,0,0,1,0,0,1,0,1,3.2,0
0,0,0,.35,.26,0,0,2,0,0,0,0,1,3.2,0
0,0,0,.4,.26,0,0,2,0,0,0,0,1,5.3,0
0,0,0,.4,.27,1,0,2,0,0,0,0,1,2,0
0,0,0,.36,.22,0,0,2,1,0,0,0,1,10.6,0
0,0,1,.29,.29,1,0,2,0,0,1,1,1,4.3,1
0,0,0,.38,.33,1,0,1,0,0,0,0,1,3.2,0
0,1,0,.4,.28,1,0,2,1,0,0,0,1,4.3,0
1,0,0,.44,.37,1,0,1,1,0,0,0,1,3.2,0
0,1,0,.41,.23,1,0,2,0,0,0,0,1,3.2,1
1,1,0,.37,.24,1,0,2,1,0,0,0,1,3.9,1
1,1,0,.33,.33,1,0,2,0,0,0,0,1,2,1
1,0,0,.39,.16,0,0,2,0,0,1,0,1,1.8,0
0,0,0,.32,.23,1,0,2,0,0,0,1,1,3.2,0
1,1,0,.38,.17,1,0,2,1,0,0,0,1,3.1,1
0,0,0,.21,.06,0,0,3,0,0,1,1,1,3.2,0
1,0,0,.44,.23,0,0,2,0,0,0,1,1,4.3,0
1,0,0,.19,.12,1,0,1,1,0,1,0,1,4.3,0
0,0,0,.39,.19,0,0,2,0,0,0,0,0,10.6,0
0,1,0,.4,.34,1,0,2,0,0,0,0,1,3.1,1
0,0,0,.44,.37,1,0,1,0,0,0,0,1,3.1,0
1,1,0,.34,.19,1,0,2,1,0,0,1,1,3.2,0
0,1,0,.36,.31,0,0,2,1,0,0,1,1,3.1,0
0,0,0,.27,.25,0,0,1,0,0,0,0,1,2,0
0,0,0,.39,.26,0,0,2,0,0,0,0,1,3.1,0
0,0,0,.36,.34,1,0,2,0,0,0,0,1,3.2,1
0,0,0,.37,.26,0,0,2,0,0,0,1,1,3.9,1
0,1,0,.36,.21,0,0,2,0,0,0,0,1,2,1
0,0,0,.43,.09,0,0,1,0,0,0,0,1,3.2,1
1,1,0,.39,.23,1,0,2,0,0,0,0,1,3.2,1
0,0,0,.33,.32,1,0,2,0,0,0,0,1,10.6,0
0,1,0,.43,.27,1,0,1,0,0,0,1,1,3.6,1
0,0,0,.34,.19,1,0,1,0,0,0,0,1,3.1,0
0,1,0,.2,.11,1,0,2,0,0,0,1,1,3.2,1
0,0,0,.28,.2,1,0,2,0,0,0,1,1,3.6,1
1,0,0,.42,.26,1,0,2,0,0,0,1,1,3.2,0
0,0,0,.39,.22,1,0,2,0,0,0,1,1,3.2,0
1,1,0,.74,.66,1,0,2,1,0,0,1,1,3.2,1
0,0,1,.29,.17,0,0,2,0,0,0,1,1,3.6,0
1,1,0,.35,.3,0,1,2,0,0,1,1,1,1.8,0
0,0,0,.27,.22,0,0,1,0,0,0,0,1,3.6,0
0,0,0,.24,.24,1,0,2,1,0,0,1,1,3.1,0
0,0,0,.37,.17,0,0,1,0,0,0,0,1,3.1,1
1,0,0,.43,.34,0,0,3,0,0,0,1,1,3.2,1
0,0,1,.38,.35,1,0,2,0,0,0,1,1,2,1
0,1,0,.34,.17,1,0,1,0,0,0,1,1,3.6,0
1,1,0,.58,.51,1,0,2,1,0,0,1,1,3.2,0
0,0,1,.39,.25,0,0,2,0,0,0,0,1,3.6,0
0,0,0,.4,.32,0,0,2,0,0,0,0,1,3.1,0
0,1,0,.42,.15,1,0,2,0,0,0,0,1,3.2,1
0,1,0,.42,.15,1,0,2,0,0,0,1,1,3.2,1
1,0,0,.37,.32,1,0,2,0,0,1,0,1,4.3,0
0,0,0,.39,.34,1,0,2,0,0,0,0,1,3.2,0
0,0,0,.39,.26,1,0,2,0,0,0,1,1,3.2,1
0,0,0,.28,.08,1,0,1,1,0,0,1,1,3.6,1
0,0,0,.34,.27,0,0,2,0,0,0,1,1,10.6,1
1,0,0,.25,.22,0,1,2,0,0,0,0,1,3.6,1
0,0,0,.35,.31,1,0,1,0,0,1,0,1,3.6,0
0,0,0,.33,.14,1,0,1,0,0,1,0,1,3.6,1
1,0,0,.37,.32,1,0,2,0,0,1,0,1,4.3,0
1,0,0,.26,.26,1,0,2,0,0,0,0,0,3.9,0
0,0,0,.24,.29,1,0,2,0,0,0,0,0,3.9,0
1,0,0,1.42,1.1,0,1,1,1,0,1,1,1,3.2,1
1,0,0,1.42,1.1,0,1,1,1,0,1,1,1,3.2,1
0,0,0,.39,.2,1,0,2,0,0,0,0,1,4.3,0
0,0,0,.42,.35,0,0,2,0,0,0,0,1,1.8,0
0,0,1,.36,.31,1,0,2,0,0,0,1,1,4.3,1
1,0,0,.41,.31,1,0,2,1,0,0,0,1,10.6,0
0,0,0,.37,.26,1,0,2,0,0,0,0,1,4.3,0
0,0,1,.41,.27,1,0,1,0,0,0,0,1,1.8,0
1,0,1,.42,.32,1,0,2,0,0,0,0,1,4.3,1
0,0,0,.26,.19,1,0,2,0,0,0,1,1,3.9,0
0,0,1,.34,.3,1,0,1,0,0,0,0,1,3.2,1
1,0,0,.37,.16,0,0,1,0,0,0,0,1,3.1,1
1,1,0,.43,.36,1,0,2,0,0,1,1,1,3.9,1
1,0,0,.4,.39,0,0,2,1,0,0,1,1,3.6,1
0,0,0,.47,.32,0,0,2,0,0,0,1,1,4.3,0
0,0,0,.36,.2,0,0,2,0,0,0,0,1,4.3,0
0,0,0,.34,.27,0,0,2,0,0,1,1,1,4.3,0
0,1,0,.29,.29,1,0,2,0,0,0,0,1,3.6,0
0,0,0,.39,.33,1,0,2,0,0,0,1,1,3.1,1
0,1,0,.31,.31,1,0,1,0,0,0,0,1,3.2,0
0,0,0,.4,.32,1,0,2,0,0,0,0,1,3.2,0
0,0,0,.39,.18,1,0,2,0,0,0,0,1,3.9,0
1,0,0,.41,.34,0,0,1,0,0,0,0,1,3.6,0
0,0,0,.38,.36,0,0,2,0,0,0,1,1,3.6,1
0,0,0,.33,.16,0,0,2,0,0,0,0,1,3.2,0
1,1,0,.39,.39,1,0,2,0,0,0,1,1,3.6,0
0,0,0,.29,.1,0,0,2,0,0,0,0,1,3.1,0
0,0,0,.36,.14,0,0,1,0,0,0,0,1,3.6,1
0,0,0,.36,.24,1,0,3,0,0,0,0,1,3.6,0
0,0,0,.47,.36,0,0,1,0,0,0,0,1,3.6,0
0,0,0,.34,.29,1,0,2,0,0,0,1,1,3.2,0
0,0,0,.36,.27,0,0,1,0,0,0,0,1,2,0
0,0,0,.34,.29,1,0,2,0,0,0,1,1,3.6,0
1,0,0,.38,.37,1,0,2,0,0,0,1,1,10.6,0
0,0,0,.38,.3,0,0,1,0,0,0,0,1,3.2,0
0,0,0,.4,.32,1,0,2,0,0,0,0,1,3.2,0
1,0,0,.47,.13,1,0,3,1,0,0,1,1,3.1,0
0,1,0,.35,.31,1,0,2,0,0,0,0,1,3.2,0
0,0,0,.41,.24,1,0,2,0,0,0,0,1,3.6,0
0,0,1,.4,.33,0,0,2,0,0,0,0,1,3.6,0
0,1,0,.38,.24,0,0,2,0,0,0,1,1,3.2,0
0,1,0,.38,.29,0,0,2,0,0,0,0,1,3.2,0
1,0,0,.29,.25,1,0,2,0,0,0,0,1,3.1,0
0,0,0,.36,.22,0,0,4,0,0,0,0,1,2,1
0,0,0,.39,.27,1,0,2,0,0,0,1,1,3.2,1
0,0,0,.41,.34,1,0,2,0,0,0,1,1,3.2,1
1,0,0,.63,.59,1,0,2,0,0,0,1,1,4.3,0
0,0,0,.26,.22,1,0,2,0,0,0,1,1,2,1
0,0,0,.28,.23,1,0,2,0,0,0,0,1,3.2,1
0,1,0,.31,.26,1,0,2,1,0,0,1,1,4.3,1
0,0,0,.23,.18,1,0,2,0,0,0,0,1,3.9,1
0,0,0,.42,.32,1,0,2,0,0,0,0,1,3.1,0
1,1,0,.29,.25,0,0,2,0,0,0,1,1,4.3,1
0,0,0,.32,.27,1,0,1,0,0,0,0,1,3.2,0
0,0,0,.35,.21,1,0,1,0,0,0,1,1,3.2,0
0,0,0,.43,.24,0,0,1,0,0,0,0,1,4.3,0
0,0,0,.41,.33,1,0,2,0,0,0,0,1,3.1,0
0,0,0,.37,.09,0,0,2,0,0,0,0,0,2,0
0,0,0,.39,.3,1,0,1,1,0,1,0,1,3.2,0
1,0,0,.46,.27,1,0,2,0,0,0,1,1,5.3,0
0,0,0,.38,.27,1,0,2,0,0,0,0,1,2,0
0,0,0,.33,.3,0,0,2,0,0,0,0,1,3.1,0
0,0,1,.25,.22,0,0,2,0,0,0,1,1,3.6,1
0,0,0,.34,.24,0,0,3,1,0,0,0,1,3.2,0
1,0,0,.27,.23,0,0,2,0,0,0,0,1,2,0
0,0,0,.36,.25,0,0,1,0,0,1,0,1,10.6,0
0,0,0,.37,.23,0,0,2,0,0,0,0,1,10.6,0
0,0,1,.41,.35,1,0,2,0,0,0,0,1,3.2,0
0,0,0,.25,.18,0,0,2,0,0,0,0,1,1.8,0
0,0,0,.35,.25,0,0,1,0,0,0,0,1,3.2,0
0,0,0,.26,.23,0,0,2,0,0,0,0,1,10.6,0
0,0,0,.34,.23,1,0,1,0,0,0,0,1,1.8,0
0,0,0,.331,.254,1,0,2,0,0,0,0,1,3.9,1
0,0,0,.375,.292,1,0,1,0,0,0,0,1,4.3,0
0,0,0,.2343,.2293,0,0,2,0,0,0,1,1,3.2,0
0,0,0,.392,.268,1,0,2,0,0,0,1,1,3.2,0
0,0,0,.3485,.287,0,0,2,0,0,0,0,1,3.2,0
0,0,0,.261,.234,0,0,1,0,0,0,0,1,3.1,0
1,0,0,.322,.231,1,0,2,0,0,0,1,1,3.1,0
0,0,0,.217,.09,0,0,2,0,0,0,0,1,3.9,1
0,0,0,.126,.124,0,0,1,0,0,0,0,1,4.3,0
0,0,0,.313,.249,0,0,1,0,0,0,0,1,3.1,0
0,0,1,.276,.259,0,0,1,0,0,0,0,1,3.2,0
0,0,0,.324,.267,1,0,1,0,0,0,0,1,3.2,0
0,1,0,.381,.296,1,0,1,0,0,0,0,1,3.1,0
0,0,0,.35,.244,1,0,2,0,0,0,0,1,3.1,0
0,0,0,.099,.058,0,0,1,0,0,0,1,1,3.2,0
0,0,0,.219,.214,0,0,2,0,0,0,1,1,3.9,1
0,0,0,.386,.28,0,0,1,0,1,0,0,1,3.1,0
0,0,0,.362,.257,1,0,3,0,0,0,0,1,3.1,0
0,0,0,.297,.2502,0,0,1,0,0,0,0,1,3.2,0
0,0,0,.399,.283,0,0,3,0,0,0,0,1,2,0
0,0,0,.287,.269,1,0,2,0,0,0,0,1,3.2,0
0,0,0,.356,.307,0,0,2,0,0,0,0,1,4.3,0
0,0,0,.347,.202,0,0,2,0,0,0,0,1,4.3,0
0,0,0,.305,.285,1,0,2,0,0,0,1,1,3.9,0
0,0,0,.296,.234,0,0,1,0,0,0,0,1,3.2,0
0,0,1,.322,.305,1,0,2,0,0,0,1,1,3.1,1
0,0,0,.373,.315,0,0,2,0,0,0,0,1,3.2,0
0,0,0,.236,.211,0,0,1,0,0,0,1,1,3.2,0
0,0,0,.334,.296,1,0,1,0,0,0,0,1,3.2,0
0,0,0,.311,.27,0,0,1,0,0,0,1,1,3.1,0
0,0,0,.143,.119,0,0,1,0,0,0,0,1,10.6,0
0,0,0,.293,.282,0,0,1,0,0,0,0,1,1.8,0
0,0,0,.193,.164,0,0,2,0,0,0,1,1,3.2,0
1,0,0,.3708,.165,1,0,2,0,0,0,1,1,10.6,0
0,0,0,.3548,.312,0,0,2,0,0,0,1,1,3.9,0
0,0,0,.3318,.2266,1,0,2,0,0,0,0,0,3.9,0
0,0,0,.341,.266,1,0,2,0,0,0,0,1,10.6,0
0,0,0,.206,.181,0,0,2,0,0,0,1,1,10.6,0
0,0,0,.371,.243,1,0,2,0,0,0,0,1,3.1,0
0,0,0,.34,.292,1,0,2,0,0,1,1,1,10.6,0
0,1,0,.3288,.3024,1,0,2,0,0,0,1,1,3.2,1
1,0,1,.3857,.2189,1,0,2,0,0,0,1,1,3.6,0
0,0,0,.352,.237,1,0,2,0,0,0,0,1,10.6,1
0,0,0,.3151,.3151,0,0,2,0,0,0,1,1,3.1,0
0,0,0,.3496,.2679,1,0,2,0,0,0,0,1,1.8,0
0,0,0,.2945,.1896,1,0,2,0,0,0,0,1,3.2,0
0,0,0,.345,.238,1,0,2,0,0,0,1,1,3.2,0
0,0,0,.301,.223,1,0,2,0,0,0,1,1,3.9,0
0,0,1,.31,.287,1,0,2,0,0,0,1,1,5.3,0
0,0,0,.337,.268,1,0,2,0,0,0,0,1,5.3,0
0,0,0,.3597,.1558,1,0,1,1,0,0,0,1,3.1,0
0,0,0,.311,.305,0,0,2,0,0,0,1,1,10.6,0
0,0,0,.3777,.2649,0,0,2,0,0,0,1,1,10.6,0
0,0,0,.321,.247,1,0,2,0,0,0,0,1,5.3,0
0,0,0,.3581,.2714,1,0,2,0,0,0,0,1,2,0
0,0,0,.327,.284,0,0,1,0,0,0,0,1,4.3,0
0,0,0,.364,.203,1,0,1,0,0,0,0,1,3.1,1
0,0,0,.3149,.2193,1,0,2,0,0,0,0,1,3.9,1
1,0,0,.442,.2713,1,0,1,0,0,0,1,1,3.1,1
0,0,0,.358,.238,1,0,2,0,0,0,1,1,3.2,0
0,0,0,.324,.265,0,0,1,0,0,0,0,1,2,0
0,0,0,.384,.264,1,0,2,0,0,0,1,1,3.2,0
0,0,0,.387,.214,0,0,2,0,0,0,1,1,3.1,0
0,0,0,.3614,.2883,0,0,2,1,0,0,0,1,3.2,1
0,0,0,.336,.334,1,0,2,0,0,0,0,1,2,0
0,0,0,.3472,.3072,0,0,1,0,0,0,1,1,3.2,1
1,0,0,.175,.09,1,0,2,1,0,0,1,1,3.6,0
0,0,0,.22,.0901,0,0,2,0,0,1,1,1,4.3,1
0,0,0,.3172,.3019,0,0,1,0,0,0,0,1,10.6,0
1,1,0,.518,.377,0,0,2,0,1,0,1,1,3.1,0
0,1,0,.379,.218,0,0,2,0,0,0,1,1,3.2,0
0,0,0,.3088,.3065,1,0,2,0,0,0,1,1,4.3,1
0,1,0,.389,.219,0,1,2,0,0,0,0,1,3.2,0
0,0,0,.3295,.2742,0,0,1,0,0,0,0,1,3.1,0
0,0,0,.328,.2845,1,0,2,0,0,1,0,1,3.2,0
0,0,0,.36,.322,0,0,1,0,0,0,1,1,3.1,0
0,0,0,.2733,.2733,0,0,2,0,0,0,1,1,3.6,0
0,0,0,.314,.276,1,0,2,0,0,0,0,1,3.2,0
0,0,0,.388,.274,0,0,1,0,0,0,0,1,3.2,0
0,0,0,.371,.192,1,0,2,0,0,0,1,1,3.2,1
0,0,0,.3136,.2123,0,0,1,0,0,0,1,1,1.8,0
0,0,0,.345,.258,1,0,2,0,0,0,0,1,3.1,0
0,0,1,.287,.269,1,0,2,0,0,0,0,1,3.2,0
0,0,0,.37,.33,0,0,2,0,0,0,1,1,2,0
0,0,0,.3229,.311,1,0,2,0,0,0,0,1,3.2,0
1,1,0,.367,.151,0,0,3,0,0,0,0,1,3.9,0
0,0,0,.298,.199,1,0,2,0,0,0,0,1,10.6,0
0,0,0,.366,.261,0,0,1,0,0,0,0,1,5.3,0
0,0,1,.238,.142,1,0,2,0,0,0,1,1,3.6,0
1,1,0,.445,.219,1,0,2,0,0,0,0,1,3.2,0
1,1,0,.27,.16,1,0,2,1,0,0,0,1,3.9,0
1,0,0,.2941,.197,1,0,2,1,1,0,0,1,3.6,0
0,0,0,.297,.153,1,0,2,0,0,0,0,1,3.6,0
1,0,0,.301,.303,1,0,2,0,0,1,1,1,10.6,0
0,0,0,.289,.23,1,0,1,0,0,0,0,1,3.1,0
0,0,0,.371,.22,0,0,1,0,0,1,0,1,10.6,0
0,0,0,.32,.246,1,0,2,0,0,0,0,1,2,0
0,0,0,.309,.299,1,0,2,0,0,0,0,1,4.3,0
0,0,0,.354,.276,1,0,1,0,0,0,0,1,4.3,0
0,0,0,.389,.271,1,0,1,0,0,0,0,1,1.8,0
0,0,0,.308,.2433,1,0,2,0,0,0,1,1,3.9,1
0,0,0,.356,.264,0,0,1,0,0,0,1,1,2,1
0,1,0,.355,.238,1,0,2,1,0,1,0,1,10.6,0
0,0,0,.319,.179,0,0,2,0,0,0,0,1,10.6,0
0,0,0,.317,.222,0,0,1,0,0,0,0,1,3.2,0
1,0,1,.539,.338,1,0,2,0,0,0,0,1,3.2,0
0,0,0,.282,.213,0,0,1,0,0,0,0,1,4.3,0
0,0,0,.283,.215,1,0,2,0,0,0,1,1,3.2,0
0,1,0,.249,.106,1,0,2,0,0,0,1,1,3.6,0
0,0,0,.296,.209,1,0,2,0,0,0,0,1,3.1,0
0,0,0,.3797,.2729,1,0,2,0,0,0,0,1,3.2,0
0,0,0,.368,.266,1,0,2,0,0,0,0,1,2,0
0,0,0,.36,.266,1,0,2,0,0,0,0,1,3.2,0
0,0,0,.295,.291,0,0,2,0,0,0,1,1,3.2,1
0,0,0,.2956,.2754,0,0,3,0,0,0,1,1,1.8,0
0,0,0,.333,.196,0,0,1,0,0,0,0,1,3.6,0
1,0,0,.135,0,1,0,1,0,0,0,1,1,3.1,0
0,0,0,.361,.279,0,0,2,0,0,0,0,1,1.8,0
0,0,0,.335,.188,1,0,1,0,0,0,1,1,3.6,0
0,1,0,.2926,.2226,0,0,2,1,0,0,0,1,3.9,0
0,0,0,.279,.279,0,0,2,0,0,0,0,1,10.6,0
0,1,0,.293,.288,1,0,2,0,0,0,0,1,3.2,0
0,0,0,.3726,.2757,0,0,2,0,0,0,0,1,2,0
0,0,0,.2775,.2775,0,0,2,0,0,0,0,1,3.2,1
0,0,0,.3731,.2838,0,1,2,1,0,0,0,1,3.9,0
0,0,0,.299,.299,1,0,1,0,0,0,1,1,3.6,0
1,1,0,.321,.136,0,0,1,0,0,0,0,1,10.6,0
1,1,0,.184,.164,1,0,2,1,0,0,0,1,3.6,1
0,0,1,.263,.263,1,0,2,0,0,0,0,1,3.1,0
0,0,1,.3525,.1506,1,0,1,0,0,0,1,1,4.3,0
0,0,1,.376,.288,1,0,2,0,0,0,0,1,5.3,0
0,0,0,.3206,.2797,1,0,1,0,0,0,0,1,3.1,0
0,0,0,.365,.28,1,0,2,1,0,0,0,1,3.2,1
0,0,0,.37,.232,0,0,1,0,0,0,0,1,3.2,0
0,0,0,.319,.293,0,0,1,0,0,0,0,1,2,0
0,0,0,.3065,.1931,0,1,2,0,0,0,0,1,1.8,0
0,0,0,.336,.186,0,0,2,0,0,0,1,1,3.2,0
1,0,1,.328,.247,0,1,2,0,0,1,0,1,4.3,0
0,0,0,.364,.128,0,1,2,0,0,0,0,1,3.9,0
0,0,0,.302,.159,1,0,2,0,0,0,0,1,3.2,0
0,0,1,.341,.216,1,0,2,0,0,1,0,1,3.9,0
0,0,0,.3527,.2684,1,0,2,0,0,0,1,1,1.8,0
0,0,0,.4147,.3088,1,0,2,0,0,0,0,1,3.1,0
1,0,1,.392,.206,0,1,2,0,0,0,1,1,2,0
0,0,0,.156,.153,0,0,1,0,0,0,0,1,5.3,0
0,0,0,.279,.275,1,0,2,0,0,0,0,1,3.2,0
0,0,0,.396,.381,1,0,1,0,0,0,1,1,3.2,0
0,0,0,.3767,.3124,1,0,2,0,0,0,0,0,3.2,0
1,0,1,.4126,.2036,1,0,1,1,0,0,0,0,4.3,0
0,0,0,.341,.251,1,0,2,0,0,0,0,1,4.3,0
0,0,0,.1553,.1333,0,0,2,0,0,0,1,1,3.2,1
0,0,1,.168,.128,1,0,2,1,0,1,1,1,3.2,0
0,0,0,.366,.275,1,0,2,0,0,0,0,1,3.9,0
0,1,0,.3627,.3362,0,1,1,0,0,1,0,1,10.6,0
0,1,0,.3,.191,1,0,2,1,0,0,1,0,3.9,0
0,0,0,.37,.246,1,0,1,0,0,0,1,1,10.6,0
0,0,0,.357,.299,0,0,2,0,0,0,1,1,2,0
0,0,0,.278,.219,0,0,1,0,0,0,1,1,3.2,0
1,0,0,.3383,.269,1,0,4,1,1,0,0,1,3.9,0
0,0,0,.299,.267,0,0,1,0,0,0,0,1,3.9,0
0,0,0,.311,.306,1,0,2,0,0,0,0,1,3.1,0
0,0,0,.295,.202,1,0,2,0,0,0,1,1,3.6,0
1,0,0,.385,.242,1,0,2,0,0,0,0,1,3.2,1
0,0,0,.234,.186,1,0,1,0,0,1,0,1,1.8,0
0,1,0,.359,.267,0,0,2,0,0,0,1,1,3.9,0
0,0,0,.325,.2779,0,0,2,0,0,0,0,1,3.9,0
0,0,0,.347,.205,1,0,2,0,0,0,0,1,3.9,0
0,0,0,.324,.2231,0,0,2,0,0,0,1,1,4.3,1
1,0,1,.47,.31,0,1,1,0,0,0,1,1,10.6,0
0,0,0,.297,.263,1,0,2,0,0,0,0,1,3.2,0
0,1,0,.1209,.1209,0,0,2,0,0,0,1,1,3.6,0
0,0,0,.1751,.1712,0,0,2,0,0,0,0,1,4.3,1
0,0,1,.348,.275,1,0,2,0,0,0,0,1,3.9,0
1,1,0,.4483,.4483,1,0,2,0,0,0,0,1,3.2,0
0,0,1,.343,.333,1,0,2,0,0,0,0,1,10.6,0
0,0,0,.3687,.268,1,0,2,0,0,0,0,1,3.2,0
0,0,1,.28,.18,1,0,1,0,0,0,0,1,3.9,0
0,0,0,.3238,.2873,1,0,1,0,0,0,0,1,1.8,0
0,0,0,.3106,.3015,1,0,1,0,0,0,0,1,3.2,0
0,0,0,.3554,.2757,0,1,2,0,0,0,0,1,10.6,0
0,0,0,.262,.188,0,0,1,0,0,0,0,1,3.6,0
0,0,0,.311,.299,1,0,2,0,0,0,0,1,3.2,0
0,0,0,.384,.21,1,0,1,0,0,0,1,1,5.3,0
0,0,0,.364,.249,1,0,2,0,0,0,0,1,3.2,0
0,0,0,.338,.289,1,0,2,0,0,0,1,1,10.6,0
0,0,1,.21,.171,1,0,2,0,0,0,0,1,3.6,0
0,0,0,.3365,.2538,1,0,2,0,0,0,0,1,10.6,0
0,0,0,.225,.21,1,0,1,0,0,0,0,1,3.9,1
0,0,0,.324,.156,0,0,2,0,0,0,0,1,3.2,1
0,0,1,.358,.231,1,0,2,0,0,0,0,1,3.9,0
0,0,1,.387,.265,1,0,2,0,0,0,1,1,2,1
0,1,0,.176,.16,1,0,2,0,0,0,1,1,3.6,0
0,0,0,.3237,.3002,1,0,2,0,0,0,1,1,3.9,0
0,1,0,.25,.18,1,0,1,0,0,0,1,1,10.6,0
1,0,0,.36,.23,0,0,2,0,0,0,1,1,4.3,0
1,0,0,.35,.23,0,0,1,0,0,1,0,1,3.2,1
0,0,0,.23,.09,0,0,1,0,0,1,0,1,3.2,0
0,1,0,.35,.27,0,0,1,0,0,0,0,1,3.9,0
0,0,0,.35,.28,1,0,2,0,0,0,1,1,1.8,0
0,0,0,.33389,.25482,0,0,1,0,0,0,0,1,5.3,0
0,0,0,.3008,.2864,1,0,2,0,0,0,0,1,3.2,0
1,0,0,.303,.2313,0,0,2,0,0,0,1,1,10.6,0
0,0,0,.3458,.2684,0,0,1,0,0,0,0,1,3.2,0
1,0,0,.398,.312,0,0,1,0,0,0,0,1,3.2,0
1,0,0,.1693,.0953,1,0,1,0,0,0,0,1,3.1,0
0,0,0,.3408,.3088,1,0,1,0,0,0,0,1,3.1,0
0,0,0,.3638,.2894,1,0,2,0,0,0,0,1,3.1,0
1,0,0,.1927,.18824,0,0,1,0,0,0,0,1,3.2,0
0,0,0,.1777,.1254,0,0,1,0,0,1,0,1,4.3,0
0,1,0,.36,.25,1,0,2,0,0,1,0,1,3.1,0
0,0,0,.3205,.317,0,0,2,0,0,1,1,1,3.2,1
0,0,0,.44,.36,1,0,1,1,0,0,0,1,3.2,0
0,0,0,.2921,.2749,1,0,2,0,0,0,1,1,10.6,0
0,0,0,.395,.2414,1,0,2,0,0,0,0,1,3.2,0
0,0,1,.3735,.3735,1,0,2,1,0,0,0,1,2,0
1,0,0,.37,.2842,1,0,1,0,0,0,0,1,3.9,0
1,1,0,.44,.39,1,0,2,1,0,0,0,1,3.9,0
1,1,0,.37,.29,0,0,2,1,0,0,1,1,1.8,1
1,1,0,.3349,.2221,0,1,2,1,0,0,1,0,2,0
0,1,0,.2939,.2459,0,1,2,0,0,0,1,1,3.2,1
0,0,0,.4447,.3607,1,0,1,0,0,0,0,1,3.9,0
0,0,0,.35,.3,0,0,2,1,0,0,1,1,3.1,1
0,0,0,.359,.1727,1,0,2,0,0,1,1,1,3.2,0
0,0,0,.39,.26,0,0,1,0,0,0,1,1,3.1,0
1,1,0,.3386,.2491,1,0,4,1,0,0,1,1,3.2,0
0,0,0,.34,.33,1,0,2,1,0,1,0,1,5.3,0
0,0,0,.3936,.2575,0,0,2,1,0,0,0,1,3.2,0
0,0,0,.31,.31,1,0,2,1,0,0,0,0,3.9,0
0,0,0,.3016,.1809,0,0,2,0,0,0,1,1,1.8,1
0,1,0,.4274,.353,0,0,2,1,0,0,0,1,1.8,0
0,0,0,.3514,.3514,1,0,1,1,0,0,0,1,3.2,0
0,0,0,.39,.33,1,0,1,0,0,0,0,1,8.9,0
1,0,0,.3493,.1948,0,1,1,0,0,0,0,1,3.1,0
0,0,0,.3723,.2958,1,0,1,0,0,0,0,1,3.1,0
0,1,0,.3887,.3338,1,0,2,0,0,0,1,1,3.6,0
0,1,0,.2979,.1811,1,0,2,1,0,0,0,1,2,0
0,0,0,.3353,.2458,1,0,1,0,0,0,0,1,3.1,1
0,0,0,.3885,.2653,1,0,1,0,0,0,0,1,3.1,0
0,0,0,.4209,.3015,0,0,1,0,0,0,0,1,5.3,0
0,0,0,.284,.2814,1,0,2,0,0,0,0,1,3.2,0
0,1,0,.354,.2557,1,0,2,0,0,0,0,1,5.3,0
0,0,0,.2818,.2767,1,0,2,0,0,1,1,1,8.9,0
1,0,0,.4778,.3662,0,0,2,1,0,0,0,1,3.1,0
0,1,0,.4098,.3147,1,0,2,0,0,0,0,1,3.9,1
0,0,0,.1944,.1926,0,0,1,0,0,0,0,1,3.2,0
0,1,0,.1851,.1733,0,0,2,0,0,0,1,1,3.6,0
0,0,1,.3203,.242,1,0,2,0,0,0,0,1,3.2,0
0,0,0,.4645,.347,0,0,2,0,0,0,0,1,3.6,0
0,0,0,.3417,.2533,0,0,1,0,0,0,1,1,2,0
0,1,0,.3177,.2971,1,0,1,0,0,0,1,1,3.1,0
0,1,0,.3083,.1885,1,0,3,0,0,1,1,1,10.6,0
0,0,0,.3537,.2825,1,0,2,0,0,0,1,1,3.2,1
0,0,0,.3938,.3938,0,0,2,0,0,0,1,1,3.2,1
0,0,0,.3922,.2311,1,0,2,0,0,0,0,1,3.6,1
0,1,0,.2005,.146,1,0,2,0,0,1,0,1,3.6,0
0,0,0,.4794,.4685,0,0,2,0,0,0,1,1,4.3,1
0,0,0,.3115,.2231,0,0,2,0,0,0,1,1,1.8,0
0,0,0,.1135,.0978,0,0,1,0,0,1,0,1,3.6,0
0,0,0,.2567,.1969,0,0,2,0,0,1,0,1,10.6,0
1,1,0,.3189,.1841,1,0,1,1,0,0,0,1,3.2,0
0,0,0,.3517,.2561,1,0,2,0,0,0,0,1,10.6,0
0,0,0,.2442,.1951,1,0,1,0,0,0,0,1,1.8,1
0,0,0,.3184,.2356,0,0,2,0,0,0,0,1,3.6,1
0,0,0,.1922,.1777,1,0,2,0,0,0,1,1,3.2,1
0,0,0,.4215,.3824,1,0,1,0,0,0,0,1,4.3,1
0,0,0,.3393,.2118,1,0,2,0,0,0,0,1,3.6,0
0,0,0,.1079,.0882,0,0,1,0,0,1,0,1,3.6,0
1,0,0,.2679,.1038,1,0,2,0,0,0,1,1,3.2,1
1,1,0,.3582,.2806,1,0,2,1,0,0,0,1,3.6,0
0,0,0,.368,.2828,1,0,2,0,0,0,1,1,5.3,1
0,0,1,.3966,.2774,1,0,2,0,0,0,0,1,3.2,1
0,0,0,.2538,.2538,1,0,2,0,0,0,1,1,2,1
0,0,0,.2952,.2716,1,0,2,1,0,0,0,1,3.2,0
0,1,0,.2931,.1254,1,0,1,0,0,0,0,1,3.2,0
0,0,0,.2988,.2988,0,0,2,0,0,0,1,1,3.1,1
0,0,0,.3378,.226,1,0,2,0,0,0,1,1,3.2,0
0,0,0,.3687,.2989,1,0,2,0,0,0,0,1,3.6,0
0,1,0,.4009,.3667,0,0,1,0,0,0,1,1,1.8,0
0,0,0,.35,.35,1,0,2,0,0,0,0,1,3.6,0
0,1,0,.3905,.3061,1,0,2,0,0,1,1,1,3.2,1
0,0,1,.3716,.184,1,0,2,0,0,0,1,1,5.3,0
1,0,0,.1308,.0749,0,1,1,0,0,0,1,1,10.6,0
0,0,0,.4002,.2798,1,0,2,0,0,0,1,1,3.1,0
0,1,0,.3953,.3127,1,0,2,0,0,0,0,1,3.6,1
0,1,0,.363,.3182,0,0,2,0,0,0,0,1,3.6,1
1,0,0,.367,.328,1,0,2,1,0,0,0,0,3.6,1
0,0,0,.3359,.3311,1,0,2,1,0,0,1,1,3.6,1
0,0,1,.3012,.218,1,0,2,0,0,0,0,1,3.6,0
1,0,0,.2423,.2315,1,0,2,0,0,0,1,0,10.6,1
0,0,0,.2476,.2045,1,0,2,0,0,0,0,1,3.6,0
1,1,0,.5892,.1956,1,0,2,0,0,0,1,1,3.6,0
0,0,0,.3905,.3652,1,0,1,0,0,0,0,1,1.8,1
0,0,1,.198,.198,1,0,1,0,0,0,0,1,4.3,0
0,0,0,.3222,.2422,0,0,1,0,0,0,0,1,3.1,0
0,0,0,.3217,.3153,1,0,2,0,0,0,1,1,3.6,1
0,1,0,.3331,.1689,1,0,2,0,0,0,0,1,3.6,0
0,1,0,.4266,.2992,0,0,2,0,0,0,1,1,3.2,1
0,0,0,.3094,.2831,0,0,2,0,0,0,1,1,3.2,1
0,0,1,.29,.227,1,0,2,0,0,0,0,1,5.3,0
0,0,0,.2917,.063,0,0,1,0,0,0,0,1,3.6,0
0,1,0,.337,.1881,1,0,3,0,0,1,1,1,10.6,0
0,0,0,.3372,.2891,0,1,2,0,0,0,0,1,3.1,1
0,0,0,.2869,.1897,1,0,2,0,0,0,0,1,3.6,0
0,0,0,.26,.19,1,0,1,0,0,0,1,1,3.6,1
0,1,0,.3583,.2956,1,0,2,0,0,0,0,1,3.2,0
0,0,0,.292,.1045,0,0,2,0,0,0,1,1,10.6,0
0,1,0,.2852,.1236,1,0,1,0,0,0,1,1,5.3,0
0,0,0,.3525,.2634,0,0,2,0,0,1,0,1,3.6,0
0,0,0,.2831,.151,0,0,1,0,0,1,1,1,3.6,0
0,0,0,.3207,.2962,1,0,2,0,0,0,0,1,4.3,0
1,0,0,.4315,.3439,1,0,2,0,0,0,0,1,2,1
1,1,0,.3207,.2522,1,0,2,0,0,0,1,1,5.3,1
0,0,0,.3196,.3099,0,0,1,0,0,0,1,1,3.9,1
1,0,0,.3996,.2658,1,0,3,1,0,0,0,1,3.6,0
0,1,0,.1901,.1592,1,0,2,0,0,0,0,1,3.2,0
0,0,0,.3211,.2018,1,0,2,0,0,0,0,1,3.6,0
0,0,0,.384,.2335,0,0,1,0,0,0,1,1,3.6,1
1,0,0,.19,.08,0,0,2,0,0,1,1,1,1.8,1
1,0,0,.04,.03,0,0,2,0,0,0,1,1,4.3,0
1,0,0,.3466,.2658,0,1,2,0,0,0,1,1,3.6,0
1,0,0,.484,.472,0,1,2,1,0,1,0,1,3.2,1
1,1,0,.9306,.6796,0,1,2,0,0,0,0,1,10.6,0
0,0,0,.3287,.2889,1,0,2,0,0,0,1,1,3.6,1
1,1,0,.2866,.1992,0,0,1,1,0,0,0,1,1.8,0
0,0,0,.3158,.1691,0,0,2,0,0,0,0,1,1.8,1
0,0,0,.4191,.3599,0,0,2,0,0,0,0,1,3.2,0
0,0,0,.3779,.2286,1,0,2,0,0,0,1,1,2,1
0,0,1,.2931,.1942,1,0,2,0,0,0,1,1,5.3,0
1,1,0,.44,.36,0,0,2,0,0,0,1,1,3.6,1
1,1,0,.3221,.3221,1,0,2,1,0,0,1,1,3.2,1
0,0,0,.3733,.2732,0,0,1,0,0,1,0,1,3.1,1
1,0,0,.292,.2074,1,0,2,0,0,0,0,1,2,1
0,0,0,.3031,.2904,1,0,2,0,0,0,0,1,3.2,0
0,0,0,.3071,.24,0,0,3,0,0,0,0,1,3.2,0
1,0,0,.4294,.2714,0,0,2,0,0,0,1,1,3.2,0
0,1,0,.32,.25,0,0,2,0,0,0,0,1,4.3,0
0,0,0,.3318,.3118,0,0,1,0,0,0,0,1,3.6,0
1,0,1,.3342,.2062,1,0,1,0,0,0,0,1,10.6,0
0,0,0,.3387,.2936,0,0,1,0,0,0,0,1,3.2,0
0,0,0,.3194,.2936,0,0,2,0,0,0,0,1,3.2,1
0,0,0,.2917,.2506,0,0,1,0,0,1,0,1,4.3,0
0,0,0,.3295,.2681,1,0,2,0,0,0,0,1,3.9,1
0,0,0,.383,.2844,0,0,1,0,0,0,0,1,3.2,0
1,1,0,.2542,.203,0,1,2,0,0,0,0,1,3.2,0
0,0,1,.357,.266,0,0,2,0,0,0,1,1,3.9,0
0,0,0,.316,.2889,0,0,2,0,0,0,1,1,3.2,1
0,0,0,.3726,.27956,1,0,2,0,0,0,0,1,4.3,0
0,0,0,.3583,.2339,0,0,2,0,0,0,1,1,3.2,1
0,0,0,.33,.29,0,0,1,1,0,0,0,1,4.3,0
0,1,0,.3801,.2131,0,0,1,0,0,0,1,1,3.2,0
0,0,0,.3168,.2388,0,0,2,0,0,0,1,1,3.2,1
0,0,0,.3852,.2192,1,0,2,0,0,0,0,1,3.1,0
0,0,1,.4025,.2683,0,0,2,0,0,0,0,1,1.8,0
0,0,0,.3453,.1763,0,0,2,0,0,0,1,1,3.2,1
0,0,0,.2967,.2826,1,0,2,0,0,0,0,1,4.3,0
0,0,0,.2758,.211,0,0,2,0,0,0,0,1,4.3,1
0,1,0,.4009,.2513,0,0,2,0,0,0,0,1,3.1,1
0,0,0,.3556,.2504,0,0,2,0,0,0,1,1,3.2,0
1,0,1,.3636,.3044,0,0,4,0,0,0,0,1,3.2,1
0,0,0,.3022,.1772,0,0,1,0,0,0,1,1,1.8,0
0,0,0,.2185,.197,0,0,2,0,0,0,0,1,3.1,1
0,0,0,.263,.248,1,0,2,0,0,0,0,1,3.2,0
0,0,0,.323,.2662,0,0,1,0,0,0,0,1,3.2,0
0,0,0,.3556,.2962,0,0,2,0,0,0,0,1,3.1,0
0,0,0,.308,.308,0,0,2,0,0,0,0,1,2,0
0,0,0,.276,.2641,1,0,1,0,0,0,1,1,1.8,1
0,0,0,.3656,.3024,1,0,2,0,0,0,0,1,3.1,0
0,0,0,.3323,.3301,0,0,1,0,0,0,0,1,3.2,0
0,0,0,.2875,.2228,0,0,2,0,0,0,1,1,3.2,1
0,0,0,.2622,.2558,0,0,1,0,0,0,0,1,3.1,1
0,0,0,.3529,.2767,1,0,2,0,0,0,1,1,3.1,1
0,0,0,.3534,.2744,0,0,1,1,0,0,0,1,1.8,0
0,0,0,.301,.2783,0,0,2,0,0,0,1,1,1.8,0
0,1,0,.3727,.2678,1,0,2,0,0,0,0,1,3.9,0
0,0,1,.39,.2,0,0,2,0,0,0,1,1,5.3,0
0,0,0,.35,.15,0,0,1,0,0,0,1,1,3.2,1
0,0,0,.35,.34,0,0,2,0,0,0,1,1,3.2,0
0,0,0,.17,.13,0,0,1,0,0,0,0,1,3.6,0
0,0,0,.17,.16,0,0,1,0,0,1,1,1,3.2,1
0,0,0,.3,.23,0,0,1,0,0,0,0,1,3.1,0
0,0,0,.34,.3,0,0,1,0,0,0,0,1,1.8,0
1,0,0,.5,.23,0,0,1,1,0,0,1,1,3.2,0
0,0,0,.21,.09,0,0,2,0,0,0,1,1,10.6,1
0,0,0,.36,.35,0,0,1,0,0,0,0,1,3.2,0
0,0,0,.19,.19,0,0,2,0,0,0,0,1,1.8,0
0,0,1,.39,.3,1,0,2,0,0,0,0,1,3.1,0
0,0,0,.32,.22,0,0,1,0,0,0,0,1,1.8,0
0,0,0,.35,.29,0,0,3,0,0,0,0,1,4.3,0
1,0,0,.21,.19,0,0,2,0,0,1,1,1,4.3,0
0,0,1,.28,.27,0,0,1,0,0,0,0,1,3.1,0
0,0,0,.28,.26,0,0,1,1,0,0,0,1,3.2,0
0,0,0,.3,.24,0,0,4,0,0,0,0,1,3.9,0
0,0,0,.36,.24,0,0,2,0,0,0,0,1,3.2,0
0,0,0,.27,.27,1,0,2,0,0,0,0,1,2,0
0,0,0,.38,.3,0,0,1,0,0,0,0,1,3.2,0
0,0,0,.34,.3,0,0,4,1,0,1,1,1,3.2,0
0,0,0,.27,.23,0,0,1,1,0,0,1,1,3.2,1
0,0,0,.37,.22,1,0,1,0,0,0,0,1,2,0
0,0,0,.3033,.238,0,0,1,0,0,0,0,1,4.3,0
0,0,0,.2986,.2913,0,0,1,0,0,0,0,1,3.2,1
0,0,0,.3702,.3609,0,0,1,0,0,0,0,1,3.1,0
0,0,1,.32,.29,1,0,2,0,0,0,0,1,3.2,0
0,1,0,.35,.33,1,0,2,0,0,0,1,1,3.2,0
0,1,0,.365,.225,1,0,2,0,0,0,0,0,3.2,1
0,0,0,.366,.275,0,0,1,0,0,0,0,1,3.2,0
0,0,0,.33,.32,0,0,2,0,0,0,1,1,1.8,1
0,0,0,.4,.32,0,0,2,0,0,0,1,1,3.2,1
0,1,0,.27,.26,1,0,2,0,0,0,0,1,3.2,1
0,0,0,.29,.29,0,0,2,0,0,0,0,1,3.1,0
0,0,0,.31,.3,0,0,1,0,0,0,0,1,2,0
0,1,0,.38,.21,0,0,2,0,0,0,1,1,3.2,0
0,1,0,.37,.31,1,0,2,0,0,0,1,1,4.3,1
0,0,1,.37,.24,1,0,2,0,0,0,0,0,4.3,0
0,1,0,.38,.28,1,0,2,0,0,0,1,1,3.9,0
0,0,0,.34,.33,0,0,2,0,0,0,1,1,3.2,0
0,1,0,.31,.29,1,0,2,0,0,0,0,1,3.2,0
0,0,0,.42,.33,0,0,2,0,0,0,1,1,2,0
0,0,0,.32,.28,0,0,2,0,0,0,0,1,1.8,1
1,0,0,.15,.14,1,0,2,1,0,0,0,1,3.6,0
0,0,0,.386,.142,0,0,1,0,0,0,0,1,3.2,0
0,0,0,.347,.279,0,0,2,0,0,0,1,1,3.2,0
0,0,0,.244,.236,0,0,2,0,0,1,0,1,4.3,1
0,0,0,.23,.23,0,0,2,0,0,0,0,1,1.8,0
0,1,0,.34,.34,1,0,2,0,0,0,0,1,3.2,0
0,0,0,.35,.17,0,0,2,0,0,0,0,1,1.8,1
0,0,0,.379,.247,1,0,2,1,0,0,1,1,3.2,1
0,0,0,.39,.27,1,0,2,0,0,0,1,1,1.8,0
0,0,0,.42,.28,0,0,2,0,0,0,1,1,3.2,0
0,0,0,.26,.18,1,0,1,0,0,0,0,1,1.8,0
0,0,0,.43,.11,0,0,1,0,0,0,0,1,3.2,0
0,0,0,.34,.26,1,0,2,0,0,0,0,0,3.2,0
0,0,0,.25,.25,1,0,2,0,0,0,0,1,1.8,0
0,0,0,.2,.09,1,0,1,0,0,1,0,1,3.6,1
0,0,0,.36,.29,1,0,2,1,0,0,0,1,4.3,0
0,1,0,.32,.25,1,0,2,0,0,0,0,1,1.8,1
0,0,0,.35,.35,0,0,2,0,0,0,1,1,3.2,1
0,0,0,.47,.06,1,0,1,0,0,1,0,1,1.8,1
0,1,0,.39,.29,0,0,2,1,0,0,0,1,2,0
0,0,1,.24,.23,0,0,2,0,0,0,0,1,3.2,0
0,0,0,.34,.29,1,0,2,0,0,0,0,1,3.2,1
1,1,0,.43,.16,0,0,2,0,1,0,0,1,2,0
0,1,0,.38,.27,1,0,2,0,0,0,0,1,10.6,0
1,1,0,.368,.281,0,1,2,0,0,0,1,1,2,0
0,0,0,.3,.28,1,0,2,0,0,0,0,1,3.1,0
0,0,0,.412,.305,1,0,2,0,0,0,0,1,2,0
0,0,0,.391,.325,1,0,2,0,0,0,0,1,1.8,0
0,0,0,.3,.09,1,0,2,0,0,0,0,1,3.6,1
0,0,0,.41,.24,1,0,2,0,0,0,1,1,3.2,1
0,0,0,.34,.27,0,0,1,0,0,0,0,1,3.2,1
0,0,0,.26,.26,0,0,2,0,0,0,1,1,3.2,1
0,0,0,.35,.34,0,0,1,0,0,0,0,1,3.2,1
0,0,0,.09,.04,0,0,2,0,0,0,0,1,3.2,1
0,0,0,.26,.21,1,0,2,0,0,0,0,1,1.8,0
0,0,0,.44,.3,0,0,1,0,0,0,0,1,3.2,0
0,0,0,.35,.23,0,0,2,1,0,0,1,1,3.2,1
0,0,0,.39,.25,0,0,1,0,0,0,0,1,4.3,0
0,0,0,.31,.22,0,0,2,0,0,0,0,1,1.8,0
0,0,0,.4,.12,0,0,1,0,0,0,0,1,3.1,1
0,0,0,.41,.33,0,0,1,0,0,1,0,1,1.8,0
0,0,0,.24,.19,0,0,1,0,0,0,0,1,1.8,0
0,0,0,.33,.3,1,0,1,0,0,0,0,1,3.2,0
0,0,0,.37,.27,0,0,2,0,0,0,0,1,4.3,0
0,0,0,.35,.34,0,0,1,0,0,0,0,1,3.9,0
1,0,0,.42,.29,0,0,2,1,0,0,0,1,10.6,1
0,1,0,.33,.28,1,0,2,0,0,0,0,1,1.8,0
0,0,0,.34,.23,1,0,1,0,0,0,0,1,3.9,0
0,0,0,.36,.34,1,0,3,0,0,0,0,1,4.3,0
1,0,0,.32,.12,1,0,1,1,0,1,1,1,3.2,0
0,0,0,.32,.29,0,0,2,0,0,0,1,1,4.3,0
0,0,0,.27,.21,1,0,1,0,0,0,0,1,3.9,0
0,0,0,.33,.21,0,0,1,0,0,1,0,1,3.6,0
0,0,0,.38,.31,0,0,1,0,0,0,0,1,3.2,0
0,1,0,.36,.28,0,0,1,0,0,0,0,1,3.2,0
0,0,0,.27,.25,1,0,2,0,0,1,0,1,1.8,0
0,0,0,.24,.23,0,0,2,0,0,0,1,1,3.1,0
0,0,0,.32,.25,0,0,2,0,0,0,0,1,3.1,0
0,0,0,.38,.11,0,0,2,0,0,0,1,1,3.1,1
0,0,0,.38,.25,0,0,2,0,0,0,0,1,3.2,0
1,0,0,.32,.25,0,0,2,1,0,0,0,1,3.2,0
0,0,0,.25,.24,1,0,2,0,0,0,1,1,3.2,1
0,0,0,.32,.31,1,0,2,0,0,0,1,1,3.1,1
0,1,0,.31,.28,1,0,2,0,0,0,1,1,4.3,1
0,0,0,.28,.23,0,0,2,0,0,0,1,1,3.9,0
0,0,0,.36,.15,0,0,1,0,0,0,1,1,1.8,0
0,0,0,.33,.24,0,0,2,0,0,0,0,1,3.2,1
0,1,0,.35,.22,1,0,2,0,0,0,1,1,3.9,1
0,0,0,.33,.16,1,0,1,0,0,0,0,1,3.2,0
0,0,0,.31,.25,1,0,1,0,0,1,0,1,3.2,0
0,0,0,.3,.3,0,0,2,0,0,0,1,1,3.2,1
0,0,0,.26,.2,0,0,1,0,0,0,0,1,3.1,0
1,1,0,.32,.26,0,0,1,1,0,0,1,1,3.1,1
1,0,0,.35,.26,1,0,2,0,0,0,1,1,4.3,1
